 98.49	7883	7883	U	0	unclassified
  1.50	120	0	-	1	root
  1.50	120	0	-	131567	  cellular_organisms
  1.50	120	0	-	2759	    Eukaryota
  1.50	120	0	-	33154	      Opisthokonta
  1.50	120	0	K	4751	        Fungi
  1.50	120	2	-	451864	          Dikarya
  1.05	84	0	P	4890	            Ascomycota
  1.02	82	0	-	716545	              saccharomyceta
  0.72	58	0	-	147538	                Pezizomycotina
  0.72	58	0	-	716546	                  leotiomyceta
  0.45	36	0	-	715989	                    sordariomyceta
  0.37	30	0	C	147550	                      Sordariomycetes
  0.35	28	0	-	222543	                        Hypocreomycetidae
  0.27	22	0	O	5125	                          Hypocreales
  0.10	8	0	F	5129	                            Hypocreaceae
  0.10	8	0	G	5543	                              Trichoderma
  0.05	4	4	S	63577	                                Trichoderma_atroviride
  0.05	4	4	S	101201	                                Trichoderma_asperellum
  0.07	6	0	F	34397	                            Clavicipitaceae
  0.05	4	0	G	5529	                              Metarhizium
  0.05	4	4	S	500148	                                Metarhizium_brunneum
  0.02	2	0	G	124426	                              Ustilaginoidea
  0.02	2	2	S	1159556	                                Ustilaginoidea_virens
  0.07	6	0	F	110618	                            Nectriaceae
  0.07	6	0	G	5506	                              Fusarium
  0.05	4	0	S	171631	                                Fusarium_oxysporum_species_complex
  0.05	4	0	S	5507	                                  Fusarium_oxysporum
  0.05	4	4	-	660027	                                    Fusarium_oxysporum_Fo47
  0.02	2	0	S	232080	                                Fusarium_solani_species_complex
  0.02	2	2	S	195108	                                  Fusarium_falciforme
  0.02	2	0	F	474942	                            Ophiocordycipitaceae
  0.02	2	0	G	1052105	                              Purpureocillium
  0.02	2	2	S	2060973	                                Purpureocillium_takamizusanense
  0.07	6	0	O	1028384	                          Glomerellales
  0.07	6	0	F	681950	                            Glomerellaceae
  0.07	6	0	G	5455	                              Colletotrichum
  0.05	4	0	-	2707335	                                Colletotrichum_acutatum_species_complex
  0.05	4	4	S	145971	                                  Colletotrichum_lupini
  0.02	2	0	-	2707350	                                Colletotrichum_destructivum_species_complex
  0.02	2	2	S	34406	                                  Colletotrichum_destructivum
  0.02	2	0	-	222544	                        Sordariomycetidae
  0.02	2	0	O	5139	                          Sordariales
  0.02	2	0	F	5148	                            Sordariaceae
  0.02	2	0	G	5146	                              Sordaria
  0.02	2	2	S	5147	                                Sordaria_macrospora
  0.07	6	0	C	147548	                      Leotiomycetes
  0.07	6	0	O	5178	                        Helotiales
  0.07	6	0	F	28983	                          Sclerotiniaceae
  0.07	6	0	G	33196	                            Botrytis
  0.07	6	0	S	40559	                              Botrytis_cinerea
  0.07	6	6	-	332648	                                Botrytis_cinerea_B05.10
  0.15	12	0	-	715962	                    dothideomyceta
  0.15	12	0	C	147541	                      Dothideomycetes
  0.10	8	0	-	451867	                        Dothideomycetidae
  0.10	8	0	O	2726947	                          Mycosphaerellales
  0.10	8	0	F	93133	                            Mycosphaerellaceae
  0.07	6	0	G	29002	                              Cercospora
  0.07	6	6	S	122368	                                Cercospora_beticola
  0.02	2	0	G	2897311	                              Fulvia
  0.02	2	2	S	5499	                                Fulvia_fulva
  0.05	4	0	-	451868	                        Pleosporomycetidae
  0.05	4	0	O	92860	                          Pleosporales
  0.05	4	0	-	715340	                            Pleosporineae
  0.05	4	0	F	683158	                              Didymellaceae
  0.05	4	0	G	5453	                                Ascochyta
  0.05	4	4	S	5454	                                  Ascochyta_rabiei
  0.12	10	0	C	147545	                    Eurotiomycetes
  0.12	10	0	-	451871	                      Eurotiomycetidae
  0.12	10	0	O	5042	                        Eurotiales
  0.07	6	0	F	28568	                          Trichocomaceae
  0.07	6	0	G	5094	                            Talaromyces
  0.05	4	0	-	2752542	                              Talaromyces_sect._Islandici
  0.05	4	4	S	121627	                                Talaromyces_rugulosus
  0.02	2	0	-	2752537	                              Talaromyces_sect._Talaromyces
  0.02	2	2	S	37727	                                Talaromyces_marneffei
  0.05	4	0	F	1131492	                          Aspergillaceae
  0.02	2	0	G	5052	                            Aspergillus
  0.02	2	0	-	2720871	                              Aspergillus_subgen._Circumdati
  0.02	2	2	S	1069201	                                Aspergillus_luchuensis
  0.02	2	0	G	5073	                            Penicillium
  0.02	2	2	S	36651	                              Penicillium_digitatum
  0.30	24	0	-	147537	                Saccharomycotina
  0.17	14	0	C	4891	                  Saccharomycetes
  0.17	14	0	O	4892	                    Saccharomycetales
  0.17	14	0	F	4893	                      Saccharomycetaceae
  0.10	8	0	G	4930	                        Saccharomyces
  0.05	4	0	S	4932	                          Saccharomyces_cerevisiae
  0.05	4	4	-	559292	                            Saccharomyces_cerevisiae_S288C
  0.05	4	0	S	114525	                          Saccharomyces_mikatae
  0.05	4	4	-	226126	                            Saccharomyces_mikatae_IFO_1815
  0.05	4	0	G	4948	                        Torulaspora
  0.05	4	4	S	48254	                          Torulaspora_globosa
  0.02	2	0	G	4910	                        Kluyveromyces
  0.02	2	2	S	28985	                          Kluyveromyces_lactis
  0.12	10	0	C	3239874	                  Pichiomycetes
  0.10	8	0	O	2916678	                    Serinales
  0.05	4	0	F	27319	                      Metschnikowiaceae
  0.02	2	0	G	3300567	                        Australozyma
  0.02	2	2	S	291208	                          Australozyma_saopauloensis
  0.02	2	0	G	3303203	                        Candidozyma
  0.02	2	2	S	498019	                          Candidozyma_auris
  0.05	4	0	F	766764	                      Debaryomycetaceae
  0.05	4	0	G	766765	                        Yamadazyma
  0.05	4	4	S	2315449	                          Yamadazyma_tenuis
  0.02	2	0	O	3243775	                    Pichiales
  0.02	2	0	F	1156497	                      Pichiaceae
  0.02	2	0	G	13366	                        Brettanomyces
  0.02	2	2	S	13502	                          Brettanomyces_nanus
  0.02	2	0	-	451866	              Taphrinomycotina
  0.02	2	0	C	147554	                Schizosaccharomycetes
  0.02	2	0	O	34346	                  Schizosaccharomycetales
  0.02	2	0	F	4894	                    Schizosaccharomycetaceae
  0.02	2	0	G	4895	                      Schizosaccharomyces
  0.02	2	2	S	2545709	                        Schizosaccharomyces_osmophilus
  0.42	34	0	P	5204	            Basidiomycota
  0.30	24	2	-	5302	              Agaricomycotina
  0.22	18	0	C	155616	                Tremellomycetes
  0.17	14	0	O	5234	                  Tremellales
  0.17	14	0	F	1884633	                    Cryptococcaceae
  0.15	12	0	G	490731	                      Kwoniella
  0.07	6	0	S	453459	                        Kwoniella_pini
  0.07	6	6	-	1296096	                          Kwoniella_pini_CBS_10737
  0.02	2	0	S	324770	                        Kwoniella_dejecticola
  0.02	2	2	-	1296121	                          Kwoniella_dejecticola_CBS_10117
  0.02	2	0	S	1247712	                        Kwoniella_europaea
  0.02	2	2	-	1423913	                          Kwoniella_europaea_PYCC6329
  0.02	2	2	S	1734106	                        Kwoniella_shandongensis
  0.02	2	0	G	5206	                      Cryptococcus
  0.02	2	0	S	1884637	                        Cryptococcus_gattii_species_complex
  0.02	2	2	S	1859122	                          Cryptococcus_decagattii
  0.05	4	0	O	1851469	                  Trichosporonales
  0.05	4	0	F	1759442	                    Trichosporonaceae
  0.05	4	0	G	1838142	                      Cutaneotrichosporon
  0.05	4	4	S	279322	                        Cutaneotrichosporon_cavernicola
  0.05	4	0	C	155619	                Agaricomycetes
  0.05	4	0	-	355688	                  Agaricomycetes_incertae_sedis
  0.05	4	0	O	36064	                    Cantharellales
  0.05	4	0	F	5250	                      Ceratobasidiaceae
  0.05	4	0	G	1322061	                        Rhizoctonia
  0.05	4	4	S	456999	                          Rhizoctonia_solani
  0.07	6	0	-	452284	              Ustilaginomycotina
  0.07	6	0	C	1538075	                Malasseziomycetes
  0.07	6	0	O	162474	                  Malasseziales
  0.07	6	0	F	742845	                    Malasseziaceae
  0.07	6	0	G	55193	                      Malassezia
  0.05	4	4	S	223818	                        Malassezia_japonica
  0.02	2	2	S	2020962	                        Malassezia_vespertilionis
  0.05	4	0	-	29000	              Pucciniomycotina
  0.05	4	0	C	162484	                Pucciniomycetes
  0.05	4	0	O	5258	                  Pucciniales
  0.05	4	0	F	5262	                    Pucciniaceae
  0.05	4	0	G	5296	                      Puccinia
  0.05	4	4	S	208348	                        Puccinia_triticina
