!version	2023-11-10
!description:	14.10
!external	https://rfam.org/
!citation:	D192-D200
!contact:	rfam-help@ebi.ac.uk
!	!
Rfam:RF00001	GO:0003735
Rfam:RF00001	GO:0005840
Rfam:RF00002	GO:0003735
Rfam:RF00002	GO:0005840
Rfam:RF00003	GO:0000395
Rfam:RF00003	GO:0005685
Rfam:RF00003	GO:0030627
Rfam:RF00004	GO:0000348
Rfam:RF00004	GO:0005686
Rfam:RF00004	GO:0045131
Rfam:RF00005	GO:0030533
Rfam:RF00007	GO:0000348
Rfam:RF00007	GO:0005693
Rfam:RF00007	GO:0045131
Rfam:RF00009	GO:0004526
Rfam:RF00009	GO:0008033
Rfam:RF00009	GO:0030677
Rfam:RF00010	GO:0004526
Rfam:RF00010	GO:0008033
Rfam:RF00010	GO:0030680
Rfam:RF00011	GO:0004526
Rfam:RF00011	GO:0008033
Rfam:RF00011	GO:0030680
Rfam:RF00012	GO:0005730
Rfam:RF00012	GO:0006396
Rfam:RF00014	GO:0009299
Rfam:RF00014	GO:0045727
Rfam:RF00015	GO:0000244
Rfam:RF00015	GO:0000353
Rfam:RF00015	GO:0005687
Rfam:RF00015	GO:0017070
Rfam:RF00015	GO:0046540
Rfam:RF00016	GO:0005730
Rfam:RF00016	GO:0006396
Rfam:RF00017	GO:0005786
Rfam:RF00017	GO:0006617
Rfam:RF00018	GO:0005515
Rfam:RF00020	GO:0000244
Rfam:RF00020	GO:0000353
Rfam:RF00020	GO:0005682
Rfam:RF00020	GO:0046540
Rfam:RF00022	GO:0003729
Rfam:RF00022	GO:0010468
Rfam:RF00023	GO:0006401
Rfam:RF00024	GO:0000333
Rfam:RF00024	GO:0003720
Rfam:RF00024	GO:0007004
Rfam:RF00025	GO:0000333
Rfam:RF00025	GO:0003720
Rfam:RF00025	GO:0007004
Rfam:RF00026	GO:0000244
Rfam:RF00026	GO:0000353
Rfam:RF00026	GO:0005688
Rfam:RF00026	GO:0030621
Rfam:RF00026	GO:0046540
Rfam:RF00027	GO:0016442
Rfam:RF00027	GO:0035195
Rfam:RF00028	GO:0000372
Rfam:RF00029	GO:0000373
Rfam:RF00030	GO:0000171
Rfam:RF00030	GO:0000172
Rfam:RF00030	GO:0006364
Rfam:RF00031	GO:0001514
Rfam:RF00032	GO:0006398
Rfam:RF00033	GO:0003729
Rfam:RF00034	GO:0003729
Rfam:RF00036	GO:0005515
Rfam:RF00036	GO:0005634
Rfam:RF00036	GO:0051169
Rfam:RF00037	GO:0010039
Rfam:RF00038	GO:0006417
Rfam:RF00038	GO:0009266
Rfam:RF00039	GO:0003729
Rfam:RF00039	GO:0017148
Rfam:RF00040	GO:0010468
Rfam:RF00041	GO:0039703
Rfam:RF00042	GO:0003729
Rfam:RF00043	GO:0060908
Rfam:RF00045	GO:0005730
Rfam:RF00045	GO:0006396
Rfam:RF00046	GO:0005730
Rfam:RF00046	GO:0006396
Rfam:RF00047	GO:0016442
Rfam:RF00047	GO:0035195
Rfam:RF00048	GO:0039703
Rfam:RF00049	GO:0005730
Rfam:RF00049	GO:0006396
Rfam:RF00050	GO:0010181
Rfam:RF00051	GO:0016442
Rfam:RF00051	GO:0035195
Rfam:RF00052	GO:0016442
Rfam:RF00052	GO:0035195
Rfam:RF00053	GO:0016442
Rfam:RF00053	GO:0035195
Rfam:RF00054	GO:0005730
Rfam:RF00054	GO:0006396
Rfam:RF00055	GO:0005730
Rfam:RF00055	GO:0006396
Rfam:RF00056	GO:0005730
Rfam:RF00056	GO:0006396
Rfam:RF00057	GO:0010039
Rfam:RF00057	GO:0046677
Rfam:RF00058	GO:0006396
Rfam:RF00059	GO:0030976
Rfam:RF00060	GO:0006396
Rfam:RF00061	GO:0043022
Rfam:RF00064	GO:0006396
Rfam:RF00065	GO:0005730
Rfam:RF00065	GO:0006396
Rfam:RF00067	GO:0005730
Rfam:RF00067	GO:0006396
Rfam:RF00068	GO:0005730
Rfam:RF00068	GO:0006396
Rfam:RF00069	GO:0005730
Rfam:RF00069	GO:0006396
Rfam:RF00070	GO:0005730
Rfam:RF00070	GO:0006396
Rfam:RF00071	GO:0005730
Rfam:RF00071	GO:0006396
Rfam:RF00072	GO:0005730
Rfam:RF00072	GO:0006396
Rfam:RF00073	GO:0016442
Rfam:RF00073	GO:0035195
Rfam:RF00074	GO:0016442
Rfam:RF00074	GO:0035195
Rfam:RF00075	GO:0016442
Rfam:RF00075	GO:0035195
Rfam:RF00076	GO:0016442
Rfam:RF00076	GO:0035195
Rfam:RF00078	GO:0003729
Rfam:RF00080	GO:0030145
Rfam:RF00082	GO:0003729
Rfam:RF00082	GO:0040033
Rfam:RF00085	GO:0005730
Rfam:RF00085	GO:0006396
Rfam:RF00086	GO:0005730
Rfam:RF00086	GO:0006396
Rfam:RF00087	GO:0005730
Rfam:RF00087	GO:0006396
Rfam:RF00088	GO:0005730
Rfam:RF00088	GO:0006396
Rfam:RF00089	GO:0005730
Rfam:RF00089	GO:0006396
Rfam:RF00090	GO:0005730
Rfam:RF00090	GO:0006396
Rfam:RF00091	GO:0005730
Rfam:RF00091	GO:0006396
Rfam:RF00092	GO:0005730
Rfam:RF00092	GO:0006396
Rfam:RF00093	GO:0005730
Rfam:RF00093	GO:0006396
Rfam:RF00095	GO:0005730
Rfam:RF00095	GO:0006396
Rfam:RF00096	GO:0005730
Rfam:RF00096	GO:0006396
Rfam:RF00097	GO:0005730
Rfam:RF00097	GO:0006396
Rfam:RF00099	GO:0005730
Rfam:RF00099	GO:0006396
Rfam:RF00103	GO:0016442
Rfam:RF00103	GO:0035195
Rfam:RF00104	GO:0016442
Rfam:RF00104	GO:0035195
Rfam:RF00105	GO:0005730
Rfam:RF00105	GO:0006396
Rfam:RF00106	GO:0060910
Rfam:RF00108	GO:0005730
Rfam:RF00108	GO:0006396
Rfam:RF00109	GO:0005515
Rfam:RF00113	GO:0003729
Rfam:RF00114	GO:0045974
Rfam:RF00115	GO:0005515
Rfam:RF00115	GO:0006417
Rfam:RF00121	GO:0003729
Rfam:RF00121	GO:0040033
Rfam:RF00122	GO:0003729
Rfam:RF00129	GO:0016442
Rfam:RF00129	GO:0035195
Rfam:RF00130	GO:0016442
Rfam:RF00130	GO:0035195
Rfam:RF00131	GO:0016442
Rfam:RF00131	GO:0035195
Rfam:RF00132	GO:0005730
Rfam:RF00132	GO:0006396
Rfam:RF00133	GO:0005730
Rfam:RF00133	GO:0006396
Rfam:RF00134	GO:0005730
Rfam:RF00134	GO:0006396
Rfam:RF00135	GO:0005730
Rfam:RF00135	GO:0006396
Rfam:RF00136	GO:0005730
Rfam:RF00136	GO:0006396
Rfam:RF00137	GO:0005730
Rfam:RF00137	GO:0006396
Rfam:RF00138	GO:0005730
Rfam:RF00138	GO:0006396
Rfam:RF00139	GO:0005730
Rfam:RF00139	GO:0006396
Rfam:RF00140	GO:0043022
Rfam:RF00142	GO:0005730
Rfam:RF00142	GO:0006396
Rfam:RF00143	GO:0016442
Rfam:RF00143	GO:0035195
Rfam:RF00144	GO:0016442
Rfam:RF00144	GO:0035195
Rfam:RF00145	GO:0005730
Rfam:RF00145	GO:0006396
Rfam:RF00147	GO:0005730
Rfam:RF00147	GO:0006396
Rfam:RF00149	GO:0005730
Rfam:RF00149	GO:0006396
Rfam:RF00150	GO:0005730
Rfam:RF00150	GO:0006396
Rfam:RF00151	GO:0005730
Rfam:RF00151	GO:0006396
Rfam:RF00152	GO:0005730
Rfam:RF00152	GO:0006396
Rfam:RF00153	GO:0005730
Rfam:RF00153	GO:0006396
Rfam:RF00154	GO:0005730
Rfam:RF00154	GO:0006396
Rfam:RF00155	GO:0005730
Rfam:RF00155	GO:0006396
Rfam:RF00156	GO:0005730
Rfam:RF00156	GO:0006396
Rfam:RF00157	GO:0005730
Rfam:RF00157	GO:0006396
Rfam:RF00158	GO:0005730
Rfam:RF00158	GO:0006396
Rfam:RF00159	GO:0005730
Rfam:RF00159	GO:0006396
Rfam:RF00160	GO:0005730
Rfam:RF00160	GO:0006396
Rfam:RF00161	GO:0005515
Rfam:RF00161	GO:0008595
Rfam:RF00161	GO:0017148
Rfam:RF00162	GO:0010468
Rfam:RF00165	GO:0019079
Rfam:RF00166	GO:0006109
Rfam:RF00166	GO:0006401
Rfam:RF00167	GO:0009113
Rfam:RF00168	GO:0009085
Rfam:RF00169	GO:0006617
Rfam:RF00169	GO:0048501
Rfam:RF00171	GO:0039694
Rfam:RF00172	GO:0010629
Rfam:RF00174	GO:0031419
Rfam:RF00175	GO:0019074
Rfam:RF00176	GO:0039694
Rfam:RF00177	GO:0003735
Rfam:RF00177	GO:0005840
Rfam:RF00178	GO:0016442
Rfam:RF00178	GO:0035195
Rfam:RF00179	GO:0017148
Rfam:RF00180	GO:0005515
Rfam:RF00180	GO:0050779
Rfam:RF00181	GO:0005730
Rfam:RF00181	GO:0006396
Rfam:RF00182	GO:0019074
Rfam:RF00183	GO:0000289
Rfam:RF00184	GO:0019079
Rfam:RF00185	GO:0019079
Rfam:RF00186	GO:0005730
Rfam:RF00186	GO:0006396
Rfam:RF00187	GO:0005730
Rfam:RF00187	GO:0006396
Rfam:RF00188	GO:0005730
Rfam:RF00188	GO:0006396
Rfam:RF00189	GO:0005730
Rfam:RF00189	GO:0006396
Rfam:RF00190	GO:0005730
Rfam:RF00190	GO:0006396
Rfam:RF00191	GO:0005730
Rfam:RF00191	GO:0006396
Rfam:RF00192	GO:0019074
Rfam:RF00193	GO:0019079
Rfam:RF00194	GO:0019079
Rfam:RF00196	GO:0039689
Rfam:RF00198	GO:0000365
Rfam:RF00199	GO:0000365
Rfam:RF00200	GO:0005730
Rfam:RF00200	GO:0006396
Rfam:RF00201	GO:0005730
Rfam:RF00201	GO:0006396
Rfam:RF00202	GO:0005730
Rfam:RF00202	GO:0006396
Rfam:RF00203	GO:0005730
Rfam:RF00203	GO:0006396
Rfam:RF00204	GO:0005730
Rfam:RF00204	GO:0006396
Rfam:RF00205	GO:0005730
Rfam:RF00205	GO:0006396
Rfam:RF00206	GO:0005730
Rfam:RF00206	GO:0006396
Rfam:RF00207	GO:0008298
Rfam:RF00207	GO:0051028
Rfam:RF00208	GO:0005730
Rfam:RF00208	GO:0006396
Rfam:RF00209	GO:0043022
Rfam:RF00210	GO:0043022
Rfam:RF00211	GO:0005730
Rfam:RF00211	GO:0006396
Rfam:RF00212	GO:0005730
Rfam:RF00212	GO:0006396
Rfam:RF00213	GO:0005730
Rfam:RF00213	GO:0006396
Rfam:RF00214	GO:0019079
Rfam:RF00215	GO:0019079
Rfam:RF00216	GO:0043022
Rfam:RF00217	GO:0005730
Rfam:RF00217	GO:0006396
Rfam:RF00218	GO:0005730
Rfam:RF00218	GO:0006396
Rfam:RF00220	GO:0019079
Rfam:RF00221	GO:0005730
Rfam:RF00221	GO:0006396
Rfam:RF00222	GO:0043022
Rfam:RF00223	GO:0043022
Rfam:RF00224	GO:0043022
Rfam:RF00225	GO:0043022
Rfam:RF00226	GO:0043022
Rfam:RF00227	GO:0061157
Rfam:RF00228	GO:0043022
Rfam:RF00229	GO:0043022
Rfam:RF00230	GO:0000049
Rfam:RF00231	GO:0005730
Rfam:RF00231	GO:0006396
Rfam:RF00231	GO:0015030
Rfam:RF00232	GO:0030371
Rfam:RF00233	GO:0006417
Rfam:RF00234	GO:0003824
Rfam:RF00234	GO:0010468
Rfam:RF00236	GO:0003729
Rfam:RF00237	GO:0016442
Rfam:RF00237	GO:0035195
Rfam:RF00238	GO:0003729
Rfam:RF00238	GO:0060908
Rfam:RF00239	GO:0016442
Rfam:RF00239	GO:0035195
Rfam:RF00241	GO:0016442
Rfam:RF00241	GO:0035195
Rfam:RF00242	GO:0003729
Rfam:RF00242	GO:0060908
Rfam:RF00243	GO:0003676
Rfam:RF00244	GO:0016442
Rfam:RF00244	GO:0035195
Rfam:RF00245	GO:0016442
Rfam:RF00245	GO:0035195
Rfam:RF00246	GO:0016442
Rfam:RF00246	GO:0035195
Rfam:RF00247	GO:0016442
Rfam:RF00247	GO:0035195
Rfam:RF00248	GO:0016442
Rfam:RF00248	GO:0035195
Rfam:RF00249	GO:0016442
Rfam:RF00249	GO:0035195
Rfam:RF00250	GO:0016442
Rfam:RF00250	GO:0035195
Rfam:RF00251	GO:0016442
Rfam:RF00251	GO:0035195
Rfam:RF00252	GO:0045727
Rfam:RF00253	GO:0016442
Rfam:RF00253	GO:0035195
Rfam:RF00254	GO:0016442
Rfam:RF00254	GO:0035195
Rfam:RF00255	GO:0016442
Rfam:RF00255	GO:0035195
Rfam:RF00256	GO:0016442
Rfam:RF00256	GO:0035195
Rfam:RF00257	GO:0016442
Rfam:RF00257	GO:0035195
Rfam:RF00258	GO:0016442
Rfam:RF00258	GO:0035195
Rfam:RF00259	GO:0045727
Rfam:RF00260	GO:0019079
Rfam:RF00261	GO:0043022
Rfam:RF00262	GO:0003729
Rfam:RF00263	GO:0005730
Rfam:RF00263	GO:0006396
Rfam:RF00264	GO:0005730
Rfam:RF00264	GO:0006396
Rfam:RF00265	GO:0005730
Rfam:RF00265	GO:0006396
Rfam:RF00266	GO:0005730
Rfam:RF00266	GO:0006396
Rfam:RF00267	GO:0005730
Rfam:RF00267	GO:0006396
Rfam:RF00268	GO:0005730
Rfam:RF00268	GO:0006396
Rfam:RF00270	GO:0005730
Rfam:RF00270	GO:0006396
Rfam:RF00271	GO:0005730
Rfam:RF00271	GO:0006396
Rfam:RF00272	GO:0005730
Rfam:RF00272	GO:0006396
Rfam:RF00273	GO:0005730
Rfam:RF00273	GO:0006396
Rfam:RF00274	GO:0005730
Rfam:RF00274	GO:0006396
Rfam:RF00275	GO:0005730
Rfam:RF00275	GO:0006396
Rfam:RF00276	GO:0005730
Rfam:RF00276	GO:0006396
Rfam:RF00277	GO:0005730
Rfam:RF00277	GO:0006396
Rfam:RF00278	GO:0005730
Rfam:RF00278	GO:0006396
Rfam:RF00279	GO:0005730
Rfam:RF00279	GO:0006396
Rfam:RF00280	GO:0005730
Rfam:RF00280	GO:0006396
Rfam:RF00281	GO:0005730
Rfam:RF00281	GO:0006396
Rfam:RF00282	GO:0005730
Rfam:RF00282	GO:0006396
Rfam:RF00283	GO:0005730
Rfam:RF00283	GO:0006396
Rfam:RF00283	GO:0015030
Rfam:RF00284	GO:0005730
Rfam:RF00284	GO:0006396
Rfam:RF00285	GO:0005730
Rfam:RF00285	GO:0006396
Rfam:RF00286	GO:0005730
Rfam:RF00286	GO:0006396
Rfam:RF00286	GO:0015030
Rfam:RF00287	GO:0005730
Rfam:RF00287	GO:0006396
Rfam:RF00288	GO:0005730
Rfam:RF00288	GO:0006396
Rfam:RF00289	GO:0005730
Rfam:RF00289	GO:0006396
Rfam:RF00290	GO:0039689
Rfam:RF00291	GO:0005730
Rfam:RF00291	GO:0006396
Rfam:RF00292	GO:0005730
Rfam:RF00292	GO:0006396
Rfam:RF00293	GO:0005730
Rfam:RF00293	GO:0006396
Rfam:RF00294	GO:0005730
Rfam:RF00294	GO:0006396
Rfam:RF00295	GO:0005730
Rfam:RF00295	GO:0006396
Rfam:RF00296	GO:0005730
Rfam:RF00296	GO:0006396
Rfam:RF00300	GO:0005730
Rfam:RF00300	GO:0006396
Rfam:RF00301	GO:0005730
Rfam:RF00301	GO:0006396
Rfam:RF00302	GO:0005730
Rfam:RF00302	GO:0006396
Rfam:RF00303	GO:0005730
Rfam:RF00303	GO:0006396
Rfam:RF00304	GO:0005730
Rfam:RF00304	GO:0006396
Rfam:RF00305	GO:0005730
Rfam:RF00305	GO:0006396
Rfam:RF00306	GO:0005730
Rfam:RF00306	GO:0006396
Rfam:RF00307	GO:0005730
Rfam:RF00307	GO:0006396
Rfam:RF00309	GO:0005730
Rfam:RF00309	GO:0006396
Rfam:RF00310	GO:0005730
Rfam:RF00310	GO:0006396
Rfam:RF00311	GO:0005730
Rfam:RF00311	GO:0006396
Rfam:RF00312	GO:0005730
Rfam:RF00312	GO:0006396
Rfam:RF00313	GO:0005730
Rfam:RF00313	GO:0006396
Rfam:RF00314	GO:0005730
Rfam:RF00314	GO:0006396
Rfam:RF00315	GO:0005730
Rfam:RF00315	GO:0006396
Rfam:RF00316	GO:0005730
Rfam:RF00316	GO:0006396
Rfam:RF00317	GO:0005730
Rfam:RF00317	GO:0006396
Rfam:RF00318	GO:0005730
Rfam:RF00318	GO:0006396
Rfam:RF00319	GO:0005730
Rfam:RF00319	GO:0006396
Rfam:RF00320	GO:0005730
Rfam:RF00320	GO:0006396
Rfam:RF00321	GO:0005730
Rfam:RF00321	GO:0006396
Rfam:RF00322	GO:0005730
Rfam:RF00322	GO:0006396
Rfam:RF00323	GO:0005730
Rfam:RF00323	GO:0006396
Rfam:RF00324	GO:0005730
Rfam:RF00324	GO:0006396
Rfam:RF00325	GO:0005730
Rfam:RF00325	GO:0006396
Rfam:RF00326	GO:0005730
Rfam:RF00326	GO:0006396
Rfam:RF00327	GO:0005730
Rfam:RF00327	GO:0006396
Rfam:RF00328	GO:0005730
Rfam:RF00328	GO:0006396
Rfam:RF00329	GO:0005730
Rfam:RF00329	GO:0006396
Rfam:RF00330	GO:0005730
Rfam:RF00330	GO:0006396
Rfam:RF00331	GO:0005730
Rfam:RF00331	GO:0006396
Rfam:RF00332	GO:0005730
Rfam:RF00332	GO:0006396
Rfam:RF00333	GO:0005730
Rfam:RF00333	GO:0006396
Rfam:RF00334	GO:0005730
Rfam:RF00334	GO:0006396
Rfam:RF00335	GO:0005730
Rfam:RF00335	GO:0006396
Rfam:RF00336	GO:0005730
Rfam:RF00336	GO:0006396
Rfam:RF00337	GO:0005730
Rfam:RF00337	GO:0006396
Rfam:RF00338	GO:0005730
Rfam:RF00338	GO:0006396
Rfam:RF00339	GO:0005730
Rfam:RF00339	GO:0006396
Rfam:RF00340	GO:0005730
Rfam:RF00340	GO:0006396
Rfam:RF00341	GO:0005730
Rfam:RF00341	GO:0006396
Rfam:RF00342	GO:0005730
Rfam:RF00342	GO:0006396
Rfam:RF00343	GO:0005730
Rfam:RF00343	GO:0006396
Rfam:RF00344	GO:0005730
Rfam:RF00344	GO:0006396
Rfam:RF00345	GO:0005730
Rfam:RF00345	GO:0006396
Rfam:RF00348	GO:0005730
Rfam:RF00348	GO:0006396
Rfam:RF00349	GO:0005730
Rfam:RF00349	GO:0006396
Rfam:RF00350	GO:0005730
Rfam:RF00350	GO:0006396
Rfam:RF00351	GO:0005730
Rfam:RF00351	GO:0006396
Rfam:RF00352	GO:0005730
Rfam:RF00352	GO:0006396
Rfam:RF00353	GO:0005730
Rfam:RF00353	GO:0006396
Rfam:RF00355	GO:0005730
Rfam:RF00355	GO:0006396
Rfam:RF00356	GO:0005730
Rfam:RF00356	GO:0006396
Rfam:RF00357	GO:0005730
Rfam:RF00357	GO:0006396
Rfam:RF00358	GO:0005730
Rfam:RF00358	GO:0006396
Rfam:RF00359	GO:0005730
Rfam:RF00359	GO:0006396
Rfam:RF00360	GO:0005730
Rfam:RF00360	GO:0006396
Rfam:RF00361	GO:0005730
Rfam:RF00361	GO:0006396
Rfam:RF00362	GO:0005515
Rfam:RF00363	GO:0016442
Rfam:RF00363	GO:0035195
Rfam:RF00364	GO:0035068
Rfam:RF00364	GO:0035195
Rfam:RF00365	GO:0016442
Rfam:RF00365	GO:0035195
Rfam:RF00366	GO:0016442
Rfam:RF00366	GO:0035195
Rfam:RF00367	GO:0016442
Rfam:RF00367	GO:0035195
Rfam:RF00369	GO:0003723
Rfam:RF00369	GO:0043487
Rfam:RF00373	GO:0004526
Rfam:RF00373	GO:0008033
Rfam:RF00373	GO:0030681
Rfam:RF00374	GO:0019072
Rfam:RF00375	GO:0000049
Rfam:RF00376	GO:0019074
Rfam:RF00377	GO:0005730
Rfam:RF00377	GO:0006396
Rfam:RF00378	GO:0009372
Rfam:RF00379	GO:0010468
Rfam:RF00380	GO:0010468
Rfam:RF00380	GO:0032026
Rfam:RF00381	GO:0006452
Rfam:RF00382	GO:0006452
Rfam:RF00383	GO:0006452
Rfam:RF00384	GO:0031123
Rfam:RF00385	GO:0019072
Rfam:RF00385	GO:0019079
Rfam:RF00386	GO:0039689
Rfam:RF00387	GO:0043022
Rfam:RF00389	GO:0039703
Rfam:RF00390	GO:0006417
Rfam:RF00390	GO:0046782
Rfam:RF00391	GO:0034198
Rfam:RF00392	GO:0005730
Rfam:RF00392	GO:0006396
Rfam:RF00393	GO:0005730
Rfam:RF00393	GO:0006396
Rfam:RF00394	GO:0005730
Rfam:RF00394	GO:0006396
Rfam:RF00396	GO:0005730
Rfam:RF00396	GO:0006396
Rfam:RF00397	GO:0005730
Rfam:RF00397	GO:0006396
Rfam:RF00398	GO:0005730
Rfam:RF00398	GO:0006396
Rfam:RF00399	GO:0005730
Rfam:RF00399	GO:0006396
Rfam:RF00400	GO:0005730
Rfam:RF00400	GO:0006396
Rfam:RF00401	GO:0005730
Rfam:RF00401	GO:0006396
Rfam:RF00402	GO:0005730
Rfam:RF00402	GO:0006396
Rfam:RF00403	GO:0005730
Rfam:RF00403	GO:0006396
Rfam:RF00404	GO:0005730
Rfam:RF00404	GO:0006396
Rfam:RF00405	GO:0005730
Rfam:RF00405	GO:0006396
Rfam:RF00406	GO:0005730
Rfam:RF00406	GO:0006396
Rfam:RF00407	GO:0005730
Rfam:RF00407	GO:0006396
Rfam:RF00408	GO:0005730
Rfam:RF00408	GO:0006396
Rfam:RF00409	GO:0005730
Rfam:RF00409	GO:0006396
Rfam:RF00410	GO:0005730
Rfam:RF00410	GO:0006396
Rfam:RF00411	GO:0005730
Rfam:RF00411	GO:0006396
Rfam:RF00412	GO:0005730
Rfam:RF00412	GO:0006396
Rfam:RF00413	GO:0005730
Rfam:RF00413	GO:0006396
Rfam:RF00414	GO:0005730
Rfam:RF00414	GO:0006396
Rfam:RF00415	GO:0005730
Rfam:RF00415	GO:0006396
Rfam:RF00416	GO:0005730
Rfam:RF00416	GO:0006396
Rfam:RF00417	GO:0005730
Rfam:RF00417	GO:0006396
Rfam:RF00418	GO:0005730
Rfam:RF00418	GO:0006396
Rfam:RF00419	GO:0005730
Rfam:RF00419	GO:0006396
Rfam:RF00420	GO:0005730
Rfam:RF00420	GO:0006396
Rfam:RF00421	GO:0005730
Rfam:RF00421	GO:0006396
Rfam:RF00422	GO:0005730
Rfam:RF00422	GO:0006396
Rfam:RF00422	GO:0015030
Rfam:RF00423	GO:0005730
Rfam:RF00423	GO:0006396
Rfam:RF00423	GO:0015030
Rfam:RF00424	GO:0005730
Rfam:RF00424	GO:0006396
Rfam:RF00425	GO:0005730
Rfam:RF00425	GO:0006396
Rfam:RF00426	GO:0005730
Rfam:RF00426	GO:0006396
Rfam:RF00426	GO:0015030
Rfam:RF00427	GO:0005730
Rfam:RF00427	GO:0006396
Rfam:RF00427	GO:0015030
Rfam:RF00428	GO:0005730
Rfam:RF00428	GO:0006396
Rfam:RF00428	GO:0015030
Rfam:RF00429	GO:0005730
Rfam:RF00429	GO:0006396
Rfam:RF00430	GO:0005730
Rfam:RF00430	GO:0006396
Rfam:RF00431	GO:0005730
Rfam:RF00431	GO:0006396
Rfam:RF00432	GO:0005730
Rfam:RF00432	GO:0006396
Rfam:RF00433	GO:0006417
Rfam:RF00433	GO:0009266
Rfam:RF00434	GO:0006413
Rfam:RF00434	GO:0031369
Rfam:RF00435	GO:0006417
Rfam:RF00435	GO:0009266
Rfam:RF00436	GO:0032197
Rfam:RF00437	GO:0006403
Rfam:RF00438	GO:0005730
Rfam:RF00438	GO:0006396
Rfam:RF00439	GO:0005730
Rfam:RF00439	GO:0006396
Rfam:RF00440	GO:0005730
Rfam:RF00440	GO:0006396
Rfam:RF00441	GO:0005730
Rfam:RF00441	GO:0006396
Rfam:RF00442	GO:0010468
Rfam:RF00443	GO:0005730
Rfam:RF00443	GO:0006396
Rfam:RF00444	GO:0040033
Rfam:RF00445	GO:0016442
Rfam:RF00445	GO:0035195
Rfam:RF00446	GO:0016442
Rfam:RF00446	GO:0035195
Rfam:RF00447	GO:0043022
Rfam:RF00448	GO:0043022
Rfam:RF00449	GO:0043022
Rfam:RF00451	GO:0016442
Rfam:RF00451	GO:0035195
Rfam:RF00452	GO:0016442
Rfam:RF00452	GO:0035195
Rfam:RF00453	GO:0019079
Rfam:RF00454	GO:0006417
Rfam:RF00455	GO:0016442
Rfam:RF00455	GO:0035195
Rfam:RF00456	GO:0016442
Rfam:RF00456	GO:0035195
Rfam:RF00457	GO:0043022
Rfam:RF00458	GO:0043022
Rfam:RF00459	GO:0019072
Rfam:RF00460	GO:1900363
Rfam:RF00461	GO:0043022
Rfam:RF00462	GO:0043022
Rfam:RF00463	GO:0045727
Rfam:RF00464	GO:0016442
Rfam:RF00464	GO:0035195
Rfam:RF00467	GO:1900268
Rfam:RF00470	GO:0016032
Rfam:RF00470	GO:0032774
Rfam:RF00471	GO:0005730
Rfam:RF00471	GO:0006396
Rfam:RF00472	GO:0005730
Rfam:RF00472	GO:0006396
Rfam:RF00473	GO:0005730
Rfam:RF00473	GO:0006396
Rfam:RF00474	GO:0005730
Rfam:RF00474	GO:0006396
Rfam:RF00475	GO:0005730
Rfam:RF00475	GO:0006396
Rfam:RF00476	GO:0005730
Rfam:RF00476	GO:0006396
Rfam:RF00477	GO:0005730
Rfam:RF00477	GO:0006396
Rfam:RF00478	GO:0005730
Rfam:RF00478	GO:0006396
Rfam:RF00479	GO:0005730
Rfam:RF00479	GO:0006396
Rfam:RF00480	GO:0075523
Rfam:RF00481	GO:0039694
Rfam:RF00482	GO:0005730
Rfam:RF00482	GO:0006396
Rfam:RF00483	GO:0043022
Rfam:RF00484	GO:0043022
Rfam:RF00485	GO:0006382
Rfam:RF00486	GO:0016442
Rfam:RF00486	GO:0035195
Rfam:RF00487	GO:0043022
Rfam:RF00488	GO:0000395
Rfam:RF00488	GO:0005685
Rfam:RF00488	GO:0030627
Rfam:RF00490	GO:0009299
Rfam:RF00490	GO:0045182
Rfam:RF00492	GO:0005730
Rfam:RF00492	GO:0006396
Rfam:RF00492	GO:0015030
Rfam:RF00493	GO:0005730
Rfam:RF00493	GO:0006396
Rfam:RF00494	GO:0005730
Rfam:RF00494	GO:0006396
Rfam:RF00495	GO:0043022
Rfam:RF00498	GO:0046782
Rfam:RF00499	GO:0019079
Rfam:RF00500	GO:1902679
Rfam:RF00501	GO:0039703
Rfam:RF00501	GO:1902680
Rfam:RF00502	GO:1902680
Rfam:RF00503	GO:0010468
Rfam:RF00504	GO:0006545
Rfam:RF00506	GO:0009088
Rfam:RF00507	GO:0075523
Rfam:RF00509	GO:0005730
Rfam:RF00509	GO:0006396
Rfam:RF00510	GO:0019079
Rfam:RF00511	GO:0043022
Rfam:RF00512	GO:0009098
Rfam:RF00513	GO:0000162
Rfam:RF00513	GO:0031556
Rfam:RF00514	GO:0000105
Rfam:RF00515	GO:0015855
Rfam:RF00515	GO:0019856
Rfam:RF00516	GO:0010468
Rfam:RF00517	GO:0010468
Rfam:RF00518	GO:0010468
Rfam:RF00519	GO:0005515
Rfam:RF00519	GO:0006353
Rfam:RF00519	GO:1901698
Rfam:RF00520	GO:0010468
Rfam:RF00521	GO:0045814
Rfam:RF00522	GO:0008616
Rfam:RF00523	GO:0006412
Rfam:RF00524	GO:1900268
Rfam:RF00525	GO:0006412
Rfam:RF00526	GO:0005730
Rfam:RF00526	GO:0006396
Rfam:RF00527	GO:0005730
Rfam:RF00527	GO:0006396
Rfam:RF00528	GO:0005730
Rfam:RF00528	GO:0006396
Rfam:RF00529	GO:0005730
Rfam:RF00529	GO:0006396
Rfam:RF00530	GO:0005730
Rfam:RF00530	GO:0006396
Rfam:RF00531	GO:0005730
Rfam:RF00531	GO:0006396
Rfam:RF00532	GO:0005730
Rfam:RF00532	GO:0006396
Rfam:RF00533	GO:0005730
Rfam:RF00533	GO:0006396
Rfam:RF00534	GO:0030371
Rfam:RF00534	GO:0032057
Rfam:RF00534	GO:0043488
Rfam:RF00535	GO:0005730
Rfam:RF00535	GO:0006396
Rfam:RF00536	GO:0005730
Rfam:RF00536	GO:0006396
Rfam:RF00537	GO:0005730
Rfam:RF00537	GO:0006396
Rfam:RF00538	GO:0005730
Rfam:RF00538	GO:0006396
Rfam:RF00539	GO:0005730
Rfam:RF00539	GO:0006396
Rfam:RF00540	GO:0005730
Rfam:RF00540	GO:0006396
Rfam:RF00541	GO:0005730
Rfam:RF00541	GO:0006396
Rfam:RF00542	GO:0005730
Rfam:RF00542	GO:0006396
Rfam:RF00543	GO:0005730
Rfam:RF00543	GO:0006396
Rfam:RF00544	GO:0005730
Rfam:RF00544	GO:0006396
Rfam:RF00545	GO:0005730
Rfam:RF00545	GO:0006396
Rfam:RF00546	GO:0005730
Rfam:RF00546	GO:0006396
Rfam:RF00547	GO:0043022
Rfam:RF00548	GO:0000395
Rfam:RF00548	GO:0005692
Rfam:RF00548	GO:0030627
Rfam:RF00549	GO:0043022
Rfam:RF00550	GO:0019080
Rfam:RF00551	GO:0008359
Rfam:RF00552	GO:0043488
Rfam:RF00553	GO:0005730
Rfam:RF00553	GO:0006396
Rfam:RF00553	GO:0015030
Rfam:RF00554	GO:0005730
Rfam:RF00554	GO:0006396
Rfam:RF00555	GO:0010468
Rfam:RF00556	GO:0010468
Rfam:RF00557	GO:0010468
Rfam:RF00558	GO:0010468
Rfam:RF00559	GO:0010468
Rfam:RF00560	GO:0005730
Rfam:RF00560	GO:0006396
Rfam:RF00561	GO:0005730
Rfam:RF00561	GO:0006396
Rfam:RF00562	GO:0005730
Rfam:RF00562	GO:0006396
Rfam:RF00563	GO:0005730
Rfam:RF00563	GO:0006396
Rfam:RF00564	GO:0005730
Rfam:RF00564	GO:0006396
Rfam:RF00564	GO:0015030
Rfam:RF00565	GO:0005730
Rfam:RF00565	GO:0006396
Rfam:RF00565	GO:0015030
Rfam:RF00566	GO:0005730
Rfam:RF00566	GO:0006396
Rfam:RF00567	GO:0005730
Rfam:RF00567	GO:0006396
Rfam:RF00568	GO:0005730
Rfam:RF00568	GO:0006396
Rfam:RF00569	GO:0005730
Rfam:RF00569	GO:0006396
Rfam:RF00570	GO:0005730
Rfam:RF00570	GO:0006396
Rfam:RF00571	GO:0005730
Rfam:RF00571	GO:0006396
Rfam:RF00572	GO:0005730
Rfam:RF00572	GO:0006396
Rfam:RF00573	GO:0005730
Rfam:RF00573	GO:0006396
Rfam:RF00574	GO:0005730
Rfam:RF00574	GO:0006396
Rfam:RF00575	GO:0005730
Rfam:RF00575	GO:0006396
Rfam:RF00576	GO:0005730
Rfam:RF00576	GO:0006396
Rfam:RF00577	GO:0005730
Rfam:RF00577	GO:0006396
Rfam:RF00578	GO:0005730
Rfam:RF00578	GO:0006396
Rfam:RF00579	GO:0005730
Rfam:RF00579	GO:0006396
Rfam:RF00580	GO:0005730
Rfam:RF00580	GO:0006396
Rfam:RF00581	GO:0005730
Rfam:RF00581	GO:0006396
Rfam:RF00582	GO:0005730
Rfam:RF00582	GO:0006396
Rfam:RF00582	GO:0015030
Rfam:RF00584	GO:0005730
Rfam:RF00584	GO:0006396
Rfam:RF00586	GO:0005730
Rfam:RF00586	GO:0006396
Rfam:RF00588	GO:0005730
Rfam:RF00588	GO:0006396
Rfam:RF00591	GO:0005730
Rfam:RF00591	GO:0006396
Rfam:RF00592	GO:0005730
Rfam:RF00592	GO:0006396
Rfam:RF00593	GO:0005730
Rfam:RF00593	GO:0006396
Rfam:RF00594	GO:0005730
Rfam:RF00594	GO:0006396
Rfam:RF00598	GO:0005730
Rfam:RF00598	GO:0006396
Rfam:RF00599	GO:0005730
Rfam:RF00599	GO:0006396
Rfam:RF00600	GO:0005730
Rfam:RF00600	GO:0006396
Rfam:RF00601	GO:0005730
Rfam:RF00601	GO:0006396
Rfam:RF00601	GO:0015030
Rfam:RF00602	GO:0005730
Rfam:RF00602	GO:0006396
Rfam:RF00602	GO:0015030
Rfam:RF00603	GO:0005730
Rfam:RF00603	GO:0006396
Rfam:RF00604	GO:0005730
Rfam:RF00604	GO:0006396
Rfam:RF00606	GO:0005730
Rfam:RF00606	GO:0006396
Rfam:RF00607	GO:0005730
Rfam:RF00607	GO:0006396
Rfam:RF00608	GO:0005730
Rfam:RF00608	GO:0006396
Rfam:RF00609	GO:0005730
Rfam:RF00609	GO:0006396
Rfam:RF00610	GO:0005730
Rfam:RF00610	GO:0006396
Rfam:RF00611	GO:0005730
Rfam:RF00611	GO:0006396
Rfam:RF00612	GO:0005730
Rfam:RF00612	GO:0006396
Rfam:RF00613	GO:0005730
Rfam:RF00613	GO:0006396
Rfam:RF00614	GO:0005730
Rfam:RF00614	GO:0006396
Rfam:RF00615	GO:0003729
Rfam:RF00616	GO:0003729
Rfam:RF00616	GO:0045947
Rfam:RF00617	GO:0006413
Rfam:RF00618	GO:0000244
Rfam:RF00618	GO:0000395
Rfam:RF00618	GO:0005690
Rfam:RF00618	GO:0030624
Rfam:RF00618	GO:0030627
Rfam:RF00619	GO:0000244
Rfam:RF00619	GO:0000395
Rfam:RF00619	GO:0005691
Rfam:RF00619	GO:0030622
Rfam:RF00619	GO:0030627
Rfam:RF00620	GO:0006417
Rfam:RF00626	GO:0051028
Rfam:RF00628	GO:0006979
Rfam:RF00628	GO:0040033
Rfam:RF00628	GO:0042542
Rfam:RF00632	GO:0010468
Rfam:RF00634	GO:0010468
Rfam:RF00634	GO:0046500
Rfam:RF00637	GO:0016442
Rfam:RF00637	GO:0035195
Rfam:RF00638	GO:0016442
Rfam:RF00638	GO:0035195
Rfam:RF00639	GO:0016442
Rfam:RF00639	GO:0035195
Rfam:RF00640	GO:0016442
Rfam:RF00640	GO:0035195
Rfam:RF00641	GO:0016442
Rfam:RF00641	GO:0035195
Rfam:RF00642	GO:0016442
Rfam:RF00642	GO:0035195
Rfam:RF00643	GO:0016442
Rfam:RF00643	GO:0035195
Rfam:RF00644	GO:0016442
Rfam:RF00645	GO:0035068
Rfam:RF00645	GO:0035195
Rfam:RF00646	GO:0016442
Rfam:RF00647	GO:0016442
Rfam:RF00647	GO:0035195
Rfam:RF00648	GO:0016442
Rfam:RF00648	GO:0035195
Rfam:RF00649	GO:0016442
Rfam:RF00650	GO:0016442
Rfam:RF00651	GO:0016442
Rfam:RF00652	GO:0016442
Rfam:RF00652	GO:0035195
Rfam:RF00653	GO:0016442
Rfam:RF00654	GO:0016442
Rfam:RF00654	GO:0035195
Rfam:RF00655	GO:0016442
Rfam:RF00655	GO:0035195
Rfam:RF00656	GO:0016442
Rfam:RF00656	GO:0035195
Rfam:RF00657	GO:0016442
Rfam:RF00657	GO:0035195
Rfam:RF00658	GO:0016442
Rfam:RF00659	GO:0016442
Rfam:RF00660	GO:0016442
Rfam:RF00660	GO:0035195
Rfam:RF00661	GO:0016442
Rfam:RF00661	GO:0035195
Rfam:RF00662	GO:0016442
Rfam:RF00662	GO:0035195
Rfam:RF00663	GO:0007569
Rfam:RF00663	GO:0007605
Rfam:RF00663	GO:0010468
Rfam:RF00663	GO:0046549
Rfam:RF00663	GO:0046660
Rfam:RF00663	GO:0060041
Rfam:RF00663	GO:0071230
Rfam:RF00663	GO:1990830
Rfam:RF00664	GO:0016442
Rfam:RF00665	GO:0016442
Rfam:RF00665	GO:0035195
Rfam:RF00666	GO:0016055
Rfam:RF00666	GO:0016442
Rfam:RF00666	GO:0035195
Rfam:RF00667	GO:0016442
Rfam:RF00667	GO:0035195
Rfam:RF00668	GO:0016442
Rfam:RF00668	GO:0035195
Rfam:RF00669	GO:0016442
Rfam:RF00669	GO:0035195
Rfam:RF00670	GO:0003674
Rfam:RF00670	GO:0005575
Rfam:RF00670	GO:0008150
Rfam:RF00670	GO:0016442
Rfam:RF00670	GO:0035195
Rfam:RF00671	GO:0016442
Rfam:RF00671	GO:0035195
Rfam:RF00672	GO:0016442
Rfam:RF00672	GO:0035195
Rfam:RF00673	GO:0016442
Rfam:RF00673	GO:0035195
Rfam:RF00674	GO:0016442
Rfam:RF00674	GO:0035195
Rfam:RF00675	GO:0016442
Rfam:RF00675	GO:0035195
Rfam:RF00676	GO:0016442
Rfam:RF00676	GO:0035195
Rfam:RF00677	GO:0016442
Rfam:RF00677	GO:0035195
Rfam:RF00678	GO:0016442
Rfam:RF00678	GO:0035195
Rfam:RF00679	GO:0016442
Rfam:RF00679	GO:0035195
Rfam:RF00680	GO:0016055
Rfam:RF00680	GO:0016442
Rfam:RF00680	GO:0035195
Rfam:RF00680	GO:0071222
Rfam:RF00680	GO:0071230
Rfam:RF00680	GO:1990830
Rfam:RF00681	GO:0016442
Rfam:RF00681	GO:0035195
Rfam:RF00682	GO:0016442
Rfam:RF00682	GO:0035195
Rfam:RF00683	GO:0016442
Rfam:RF00683	GO:0035195
Rfam:RF00684	GO:0016442
Rfam:RF00684	GO:0035195
Rfam:RF00685	GO:0016442
Rfam:RF00685	GO:0035195
Rfam:RF00686	GO:0016442
Rfam:RF00686	GO:0035195
Rfam:RF00687	GO:0016442
Rfam:RF00687	GO:0035195
Rfam:RF00688	GO:0016442
Rfam:RF00688	GO:0035195
Rfam:RF00689	GO:0016442
Rfam:RF00689	GO:0035195
Rfam:RF00690	GO:0016442
Rfam:RF00690	GO:0035195
Rfam:RF00691	GO:0016442
Rfam:RF00691	GO:0035195
Rfam:RF00692	GO:0016442
Rfam:RF00692	GO:0035195
Rfam:RF00693	GO:0016442
Rfam:RF00693	GO:0035195
Rfam:RF00694	GO:0016442
Rfam:RF00694	GO:0035195
Rfam:RF00695	GO:0016442
Rfam:RF00695	GO:0035195
Rfam:RF00696	GO:0016442
Rfam:RF00696	GO:0035195
Rfam:RF00697	GO:0016442
Rfam:RF00697	GO:0035195
Rfam:RF00698	GO:0016442
Rfam:RF00698	GO:0035195
Rfam:RF00699	GO:0016442
Rfam:RF00699	GO:0035195
Rfam:RF00700	GO:0016442
Rfam:RF00700	GO:0035195
Rfam:RF00701	GO:0016442
Rfam:RF00702	GO:0016442
Rfam:RF00702	GO:0035195
Rfam:RF00703	GO:0016442
Rfam:RF00704	GO:0016442
Rfam:RF00704	GO:0035195
Rfam:RF00705	GO:0016442
Rfam:RF00706	GO:0016442
Rfam:RF00706	GO:0035195
Rfam:RF00707	GO:0016442
Rfam:RF00708	GO:0016442
Rfam:RF00708	GO:0035195
Rfam:RF00709	GO:0007605
Rfam:RF00709	GO:0016442
Rfam:RF00709	GO:0035195
Rfam:RF00709	GO:0046661
Rfam:RF00709	GO:0071230
Rfam:RF00709	GO:1990830
Rfam:RF00710	GO:0016442
Rfam:RF00711	GO:0016442
Rfam:RF00711	GO:0035195
Rfam:RF00712	GO:0016442
Rfam:RF00712	GO:0035195
Rfam:RF00713	GO:0016442
Rfam:RF00713	GO:0035195
Rfam:RF00714	GO:0016442
Rfam:RF00714	GO:0035195
Rfam:RF00715	GO:0016442
Rfam:RF00715	GO:0035195
Rfam:RF00716	GO:0016442
Rfam:RF00716	GO:0035195
Rfam:RF00717	GO:0016442
Rfam:RF00717	GO:0035195
Rfam:RF00718	GO:0016442
Rfam:RF00718	GO:0035195
Rfam:RF00718	GO:0071222
Rfam:RF00718	GO:1990830
Rfam:RF00719	GO:0016442
Rfam:RF00719	GO:0035195
Rfam:RF00720	GO:0016442
Rfam:RF00720	GO:0035195
Rfam:RF00721	GO:0016442
Rfam:RF00721	GO:0035195
Rfam:RF00722	GO:0016442
Rfam:RF00722	GO:0035195
Rfam:RF00723	GO:0016442
Rfam:RF00723	GO:0017148
Rfam:RF00723	GO:0035195
Rfam:RF00723	GO:0045596
Rfam:RF00723	GO:0045599
Rfam:RF00724	GO:0016442
Rfam:RF00724	GO:0035195
Rfam:RF00725	GO:0016442
Rfam:RF00725	GO:0035195
Rfam:RF00726	GO:0016442
Rfam:RF00726	GO:0035195
Rfam:RF00727	GO:0016442
Rfam:RF00727	GO:0035195
Rfam:RF00728	GO:0016442
Rfam:RF00728	GO:0035195
Rfam:RF00729	GO:0016442
Rfam:RF00729	GO:0035195
Rfam:RF00730	GO:0016442
Rfam:RF00730	GO:0035195
Rfam:RF00731	GO:0016442
Rfam:RF00731	GO:0035195
Rfam:RF00732	GO:0016442
Rfam:RF00732	GO:0035195
Rfam:RF00733	GO:0016442
Rfam:RF00733	GO:0035195
Rfam:RF00734	GO:0016442
Rfam:RF00734	GO:0035195
Rfam:RF00735	GO:0016442
Rfam:RF00735	GO:0035195
Rfam:RF00736	GO:0010629
Rfam:RF00736	GO:0016442
Rfam:RF00736	GO:0035195
Rfam:RF00736	GO:0060291
Rfam:RF00736	GO:0071333
Rfam:RF00736	GO:2000648
Rfam:RF00737	GO:0016442
Rfam:RF00737	GO:0035195
Rfam:RF00739	GO:0016442
Rfam:RF00739	GO:0035195
Rfam:RF00740	GO:0007569
Rfam:RF00740	GO:0010629
Rfam:RF00740	GO:0016442
Rfam:RF00740	GO:0035195
Rfam:RF00740	GO:1990830
Rfam:RF00741	GO:0016442
Rfam:RF00741	GO:0035195
Rfam:RF00742	GO:0016442
Rfam:RF00742	GO:0035195
Rfam:RF00743	GO:0016442
Rfam:RF00743	GO:0035195
Rfam:RF00744	GO:0016442
Rfam:RF00744	GO:0035195
Rfam:RF00745	GO:0016442
Rfam:RF00745	GO:0035195
Rfam:RF00746	GO:0016442
Rfam:RF00746	GO:0035195
Rfam:RF00747	GO:0016442
Rfam:RF00747	GO:0035195
Rfam:RF00748	GO:0016442
Rfam:RF00748	GO:0035195
Rfam:RF00748	GO:0060291
Rfam:RF00748	GO:0071222
Rfam:RF00748	GO:1990830
Rfam:RF00749	GO:0016442
Rfam:RF00749	GO:0035195
Rfam:RF00750	GO:0016442
Rfam:RF00750	GO:0035195
Rfam:RF00751	GO:0016442
Rfam:RF00751	GO:0035195
Rfam:RF00752	GO:0016442
Rfam:RF00752	GO:0035195
Rfam:RF00753	GO:0016442
Rfam:RF00753	GO:0035195
Rfam:RF00754	GO:0016442
Rfam:RF00754	GO:0035195
Rfam:RF00755	GO:0016442
Rfam:RF00755	GO:0035195
Rfam:RF00756	GO:0016442
Rfam:RF00756	GO:0035195
Rfam:RF00757	GO:0016442
Rfam:RF00757	GO:0035195
Rfam:RF00758	GO:0016442
Rfam:RF00758	GO:0035195
Rfam:RF00760	GO:0007569
Rfam:RF00760	GO:0007605
Rfam:RF00760	GO:0016442
Rfam:RF00760	GO:0035195
Rfam:RF00760	GO:0060291
Rfam:RF00760	GO:0071222
Rfam:RF00760	GO:0071230
Rfam:RF00760	GO:0071241
Rfam:RF00760	GO:1904322
Rfam:RF00760	GO:1990830
Rfam:RF00761	GO:0016442
Rfam:RF00761	GO:0035195
Rfam:RF00763	GO:0016442
Rfam:RF00763	GO:0035195
Rfam:RF00764	GO:0016442
Rfam:RF00764	GO:0035195
Rfam:RF00765	GO:0016442
Rfam:RF00765	GO:0035195
Rfam:RF00765	GO:0060291
Rfam:RF00765	GO:0071333
Rfam:RF00766	GO:0016442
Rfam:RF00766	GO:0035195
Rfam:RF00767	GO:0016442
Rfam:RF00767	GO:0035195
Rfam:RF00769	GO:0016442
Rfam:RF00769	GO:0035195
Rfam:RF00770	GO:0016442
Rfam:RF00770	GO:0035195
Rfam:RF00771	GO:0016442
Rfam:RF00771	GO:0035195
Rfam:RF00772	GO:0016442
Rfam:RF00772	GO:0035195
Rfam:RF00773	GO:0016442
Rfam:RF00773	GO:0035195
Rfam:RF00774	GO:0016442
Rfam:RF00774	GO:0035195
Rfam:RF00775	GO:0016442
Rfam:RF00775	GO:0035195
Rfam:RF00776	GO:0016442
Rfam:RF00776	GO:0035195
Rfam:RF00777	GO:0003323
Rfam:RF00777	GO:0010629
Rfam:RF00777	GO:0016442
Rfam:RF00777	GO:0035195
Rfam:RF00777	GO:0060291
Rfam:RF00778	GO:0016442
Rfam:RF00778	GO:0035195
Rfam:RF00779	GO:0016442
Rfam:RF00779	GO:0035195
Rfam:RF00780	GO:0016442
Rfam:RF00780	GO:0035195
Rfam:RF00781	GO:0016442
Rfam:RF00781	GO:0035195
Rfam:RF00782	GO:0035068
Rfam:RF00782	GO:0035195
Rfam:RF00783	GO:0016442
Rfam:RF00783	GO:0035195
Rfam:RF00784	GO:0016442
Rfam:RF00784	GO:0035195
Rfam:RF00785	GO:0016442
Rfam:RF00785	GO:0035195
Rfam:RF00786	GO:0016442
Rfam:RF00786	GO:0035195
Rfam:RF00787	GO:0016442
Rfam:RF00787	GO:0035195
Rfam:RF00788	GO:0016442
Rfam:RF00788	GO:0035195
Rfam:RF00789	GO:0016442
Rfam:RF00789	GO:0035195
Rfam:RF00790	GO:0016442
Rfam:RF00790	GO:0035195
Rfam:RF00791	GO:0016442
Rfam:RF00791	GO:0035195
Rfam:RF00792	GO:0016442
Rfam:RF00792	GO:0035195
Rfam:RF00793	GO:0016442
Rfam:RF00793	GO:0035195
Rfam:RF00794	GO:0016442
Rfam:RF00794	GO:0035195
Rfam:RF00795	GO:0016442
Rfam:RF00795	GO:0035195
Rfam:RF00796	GO:0016442
Rfam:RF00796	GO:0035195
Rfam:RF00797	GO:0016442
Rfam:RF00797	GO:0035195
Rfam:RF00798	GO:0016442
Rfam:RF00798	GO:0035195
Rfam:RF00799	GO:0016442
Rfam:RF00799	GO:0035195
Rfam:RF00801	GO:0016442
Rfam:RF00801	GO:0035195
Rfam:RF00802	GO:0016442
Rfam:RF00802	GO:0035195
Rfam:RF00803	GO:0016442
Rfam:RF00803	GO:0035195
Rfam:RF00804	GO:0016442
Rfam:RF00804	GO:0035195
Rfam:RF00805	GO:0016442
Rfam:RF00805	GO:0035195
Rfam:RF00806	GO:0016442
Rfam:RF00806	GO:0035195
Rfam:RF00807	GO:0016442
Rfam:RF00807	GO:0035195
Rfam:RF00808	GO:0016442
Rfam:RF00808	GO:0035195
Rfam:RF00809	GO:0016442
Rfam:RF00809	GO:0035195
Rfam:RF00810	GO:0016442
Rfam:RF00810	GO:0035195
Rfam:RF00811	GO:0016442
Rfam:RF00811	GO:0035195
Rfam:RF00812	GO:0016442
Rfam:RF00812	GO:0035195
Rfam:RF00813	GO:0016442
Rfam:RF00813	GO:0035195
Rfam:RF00813	GO:0043066
Rfam:RF00813	GO:0060548
Rfam:RF00813	GO:0071480
Rfam:RF00814	GO:0016442
Rfam:RF00814	GO:0035195
Rfam:RF00815	GO:0016442
Rfam:RF00815	GO:0035195
Rfam:RF00816	GO:0016442
Rfam:RF00816	GO:0035195
Rfam:RF00817	GO:0016442
Rfam:RF00817	GO:0035195
Rfam:RF00818	GO:0016442
Rfam:RF00818	GO:0035195
Rfam:RF00819	GO:0016442
Rfam:RF00819	GO:0035195
Rfam:RF00820	GO:0016442
Rfam:RF00820	GO:0035195
Rfam:RF00821	GO:0016442
Rfam:RF00821	GO:0035195
Rfam:RF00822	GO:0016442
Rfam:RF00822	GO:0035195
Rfam:RF00823	GO:0016442
Rfam:RF00823	GO:0035195
Rfam:RF00824	GO:0016442
Rfam:RF00824	GO:0035195
Rfam:RF00825	GO:0016442
Rfam:RF00825	GO:0035195
Rfam:RF00826	GO:0016442
Rfam:RF00826	GO:0035195
Rfam:RF00827	GO:0016442
Rfam:RF00827	GO:0035195
Rfam:RF00828	GO:0016442
Rfam:RF00828	GO:0035195
Rfam:RF00829	GO:0016442
Rfam:RF00829	GO:0035195
Rfam:RF00830	GO:0016442
Rfam:RF00830	GO:0035195
Rfam:RF00831	GO:0016442
Rfam:RF00831	GO:0035195
Rfam:RF00832	GO:0016442
Rfam:RF00832	GO:0035195
Rfam:RF00833	GO:0016442
Rfam:RF00833	GO:0035195
Rfam:RF00834	GO:0016442
Rfam:RF00834	GO:0035195
Rfam:RF00835	GO:0016442
Rfam:RF00835	GO:0035195
Rfam:RF00836	GO:0016442
Rfam:RF00836	GO:0035195
Rfam:RF00837	GO:0016442
Rfam:RF00837	GO:0035195
Rfam:RF00838	GO:0016442
Rfam:RF00838	GO:0035195
Rfam:RF00839	GO:0016442
Rfam:RF00839	GO:0035195
Rfam:RF00840	GO:0016442
Rfam:RF00840	GO:0035195
Rfam:RF00841	GO:0016442
Rfam:RF00841	GO:0035195
Rfam:RF00842	GO:0016442
Rfam:RF00842	GO:0035195
Rfam:RF00843	GO:0016442
Rfam:RF00843	GO:0035195
Rfam:RF00844	GO:0016442
Rfam:RF00844	GO:0035195
Rfam:RF00845	GO:0016442
Rfam:RF00845	GO:0035195
Rfam:RF00846	GO:0016442
Rfam:RF00846	GO:0035195
Rfam:RF00847	GO:0016442
Rfam:RF00847	GO:0035195
Rfam:RF00848	GO:0016442
Rfam:RF00848	GO:0035195
Rfam:RF00849	GO:0016442
Rfam:RF00849	GO:0035195
Rfam:RF00850	GO:0016442
Rfam:RF00850	GO:0035195
Rfam:RF00851	GO:0016442
Rfam:RF00851	GO:0035195
Rfam:RF00852	GO:0016442
Rfam:RF00852	GO:0035195
Rfam:RF00853	GO:0016442
Rfam:RF00853	GO:0035195
Rfam:RF00854	GO:0016442
Rfam:RF00854	GO:0035195
Rfam:RF00855	GO:0016442
Rfam:RF00855	GO:0035195
Rfam:RF00856	GO:0016442
Rfam:RF00856	GO:0035195
Rfam:RF00857	GO:0016442
Rfam:RF00857	GO:0035195
Rfam:RF00858	GO:0016442
Rfam:RF00858	GO:0035195
Rfam:RF00859	GO:0016442
Rfam:RF00859	GO:0035195
Rfam:RF00861	GO:0016442
Rfam:RF00861	GO:0035195
Rfam:RF00862	GO:0016442
Rfam:RF00862	GO:0035195
Rfam:RF00863	GO:0035068
Rfam:RF00863	GO:0035195
Rfam:RF00864	GO:0016442
Rfam:RF00864	GO:0035195
Rfam:RF00865	GO:0016442
Rfam:RF00865	GO:0035195
Rfam:RF00866	GO:0016442
Rfam:RF00866	GO:0035195
Rfam:RF00867	GO:0016442
Rfam:RF00867	GO:0035195
Rfam:RF00868	GO:0016442
Rfam:RF00868	GO:0035195
Rfam:RF00869	GO:0016442
Rfam:RF00869	GO:0035195
Rfam:RF00870	GO:0016442
Rfam:RF00870	GO:0035195
Rfam:RF00872	GO:0016442
Rfam:RF00872	GO:0035195
Rfam:RF00873	GO:0016442
Rfam:RF00873	GO:0035195
Rfam:RF00874	GO:0035068
Rfam:RF00874	GO:0035195
Rfam:RF00875	GO:0016442
Rfam:RF00875	GO:0035195
Rfam:RF00876	GO:0016442
Rfam:RF00876	GO:0035195
Rfam:RF00877	GO:0016442
Rfam:RF00877	GO:0035195
Rfam:RF00878	GO:0016442
Rfam:RF00878	GO:0035195
Rfam:RF00879	GO:0016442
Rfam:RF00879	GO:0035195
Rfam:RF00883	GO:0016442
Rfam:RF00883	GO:0035195
Rfam:RF00884	GO:0016442
Rfam:RF00884	GO:0035195
Rfam:RF00885	GO:0035068
Rfam:RF00885	GO:0035195
Rfam:RF00886	GO:0016442
Rfam:RF00886	GO:0035195
Rfam:RF00887	GO:0016442
Rfam:RF00887	GO:0035195
Rfam:RF00888	GO:0016442
Rfam:RF00888	GO:0035195
Rfam:RF00890	GO:0016442
Rfam:RF00890	GO:0035195
Rfam:RF00891	GO:0016442
Rfam:RF00891	GO:0035195
Rfam:RF00892	GO:0016442
Rfam:RF00892	GO:0035195
Rfam:RF00893	GO:0016442
Rfam:RF00893	GO:0035195
Rfam:RF00894	GO:0016442
Rfam:RF00894	GO:0035195
Rfam:RF00895	GO:0016442
Rfam:RF00895	GO:0035195
Rfam:RF00896	GO:0016442
Rfam:RF00896	GO:0035195
Rfam:RF00897	GO:0016442
Rfam:RF00897	GO:0035195
Rfam:RF00898	GO:0016442
Rfam:RF00898	GO:0035195
Rfam:RF00899	GO:0016442
Rfam:RF00899	GO:0035195
Rfam:RF00900	GO:0016442
Rfam:RF00900	GO:0035195
Rfam:RF00901	GO:0016442
Rfam:RF00901	GO:0035195
Rfam:RF00902	GO:0016442
Rfam:RF00902	GO:0035195
Rfam:RF00903	GO:0016442
Rfam:RF00903	GO:0035195
Rfam:RF00904	GO:0016442
Rfam:RF00904	GO:0035195
Rfam:RF00905	GO:0016442
Rfam:RF00905	GO:0035195
Rfam:RF00906	GO:0035068
Rfam:RF00906	GO:0035195
Rfam:RF00907	GO:0016442
Rfam:RF00907	GO:0035195
Rfam:RF00908	GO:0016442
Rfam:RF00908	GO:0035195
Rfam:RF00909	GO:0016442
Rfam:RF00909	GO:0035195
Rfam:RF00910	GO:0016442
Rfam:RF00910	GO:0035195
Rfam:RF00911	GO:0016442
Rfam:RF00911	GO:0035195
Rfam:RF00912	GO:0016442
Rfam:RF00912	GO:0035195
Rfam:RF00914	GO:0016442
Rfam:RF00914	GO:0035195
Rfam:RF00915	GO:0016442
Rfam:RF00915	GO:0035195
Rfam:RF00917	GO:0016442
Rfam:RF00917	GO:0035195
Rfam:RF00918	GO:0016442
Rfam:RF00918	GO:0035195
Rfam:RF00919	GO:0016442
Rfam:RF00919	GO:0035195
Rfam:RF00920	GO:0035068
Rfam:RF00920	GO:0035195
Rfam:RF00921	GO:0016442
Rfam:RF00921	GO:0035195
Rfam:RF00922	GO:0016442
Rfam:RF00922	GO:0035195
Rfam:RF00925	GO:0016442
Rfam:RF00925	GO:0035195
Rfam:RF00926	GO:0016442
Rfam:RF00926	GO:0035195
Rfam:RF00927	GO:0016442
Rfam:RF00927	GO:0035195
Rfam:RF00928	GO:0016442
Rfam:RF00928	GO:0035195
Rfam:RF00929	GO:0016442
Rfam:RF00929	GO:0035195
Rfam:RF00931	GO:0016442
Rfam:RF00931	GO:0035195
Rfam:RF00932	GO:0016442
Rfam:RF00932	GO:0035195
Rfam:RF00933	GO:0016442
Rfam:RF00933	GO:0035195
Rfam:RF00934	GO:0016442
Rfam:RF00934	GO:0035195
Rfam:RF00935	GO:0016442
Rfam:RF00935	GO:0035195
Rfam:RF00936	GO:0016442
Rfam:RF00936	GO:0035195
Rfam:RF00937	GO:0016442
Rfam:RF00937	GO:0035195
Rfam:RF00939	GO:0016442
Rfam:RF00939	GO:0035195
Rfam:RF00940	GO:0016442
Rfam:RF00940	GO:0035195
Rfam:RF00941	GO:0016442
Rfam:RF00941	GO:0035195
Rfam:RF00942	GO:0016442
Rfam:RF00942	GO:0035195
Rfam:RF00943	GO:0016442
Rfam:RF00943	GO:0035195
Rfam:RF00945	GO:0016442
Rfam:RF00945	GO:0035195
Rfam:RF00946	GO:0016442
Rfam:RF00946	GO:0035195
Rfam:RF00947	GO:0016442
Rfam:RF00947	GO:0035195
Rfam:RF00948	GO:0016442
Rfam:RF00948	GO:0035195
Rfam:RF00949	GO:0016442
Rfam:RF00949	GO:0035195
Rfam:RF00950	GO:0016442
Rfam:RF00950	GO:0035195
Rfam:RF00951	GO:0016442
Rfam:RF00951	GO:0035195
Rfam:RF00952	GO:0016442
Rfam:RF00952	GO:0035195
Rfam:RF00953	GO:0016442
Rfam:RF00953	GO:0035195
Rfam:RF00954	GO:0016442
Rfam:RF00954	GO:0035195
Rfam:RF00955	GO:0016442
Rfam:RF00955	GO:0035195
Rfam:RF00956	GO:0016442
Rfam:RF00956	GO:0035195
Rfam:RF00957	GO:0016442
Rfam:RF00957	GO:0035195
Rfam:RF00958	GO:0016442
Rfam:RF00958	GO:0035195
Rfam:RF00959	GO:0016442
Rfam:RF00959	GO:0035195
Rfam:RF00960	GO:0016442
Rfam:RF00960	GO:0035195
Rfam:RF00961	GO:0016442
Rfam:RF00961	GO:0035195
Rfam:RF00962	GO:0016442
Rfam:RF00962	GO:0035195
Rfam:RF00963	GO:0016442
Rfam:RF00963	GO:0035195
Rfam:RF00964	GO:0016442
Rfam:RF00964	GO:0035195
Rfam:RF00965	GO:0016442
Rfam:RF00965	GO:0035195
Rfam:RF00966	GO:0016442
Rfam:RF00966	GO:0035195
Rfam:RF00967	GO:0016442
Rfam:RF00967	GO:0035195
Rfam:RF00968	GO:0016442
Rfam:RF00968	GO:0035195
Rfam:RF00969	GO:0016442
Rfam:RF00969	GO:0035195
Rfam:RF00970	GO:0016442
Rfam:RF00970	GO:0035195
Rfam:RF00971	GO:0016442
Rfam:RF00971	GO:0035195
Rfam:RF00972	GO:0016442
Rfam:RF00972	GO:0035195
Rfam:RF00973	GO:0016442
Rfam:RF00973	GO:0035195
Rfam:RF00974	GO:0016442
Rfam:RF00974	GO:0035195
Rfam:RF00975	GO:0016442
Rfam:RF00975	GO:0035195
Rfam:RF00976	GO:0016442
Rfam:RF00976	GO:0035195
Rfam:RF00977	GO:0016442
Rfam:RF00977	GO:0035195
Rfam:RF00978	GO:0016442
Rfam:RF00978	GO:0035195
Rfam:RF00979	GO:0016442
Rfam:RF00979	GO:0035195
Rfam:RF00980	GO:0016442
Rfam:RF00980	GO:0035195
Rfam:RF00981	GO:0016442
Rfam:RF00981	GO:0035195
Rfam:RF00983	GO:0016442
Rfam:RF00983	GO:0035195
Rfam:RF00984	GO:0016442
Rfam:RF00984	GO:0035195
Rfam:RF00985	GO:0016442
Rfam:RF00985	GO:0035195
Rfam:RF00986	GO:0016442
Rfam:RF00986	GO:0035195
Rfam:RF00987	GO:0016442
Rfam:RF00987	GO:0035195
Rfam:RF00988	GO:0016442
Rfam:RF00988	GO:0035195
Rfam:RF00989	GO:0016442
Rfam:RF00989	GO:0035195
Rfam:RF00990	GO:0016442
Rfam:RF00990	GO:0035195
Rfam:RF00991	GO:0016442
Rfam:RF00991	GO:0035195
Rfam:RF00992	GO:0016442
Rfam:RF00992	GO:0035195
Rfam:RF00993	GO:0016442
Rfam:RF00993	GO:0035195
Rfam:RF00994	GO:0035068
Rfam:RF00994	GO:0035195
Rfam:RF00995	GO:0016442
Rfam:RF00995	GO:0035195
Rfam:RF00996	GO:0016442
Rfam:RF00996	GO:0035195
Rfam:RF00997	GO:0016442
Rfam:RF00997	GO:0035195
Rfam:RF00998	GO:0016442
Rfam:RF00998	GO:0035195
Rfam:RF00999	GO:0016442
Rfam:RF00999	GO:0035195
Rfam:RF01000	GO:0016442
Rfam:RF01000	GO:0035195
Rfam:RF01001	GO:0016442
Rfam:RF01001	GO:0035195
Rfam:RF01002	GO:0016442
Rfam:RF01002	GO:0035195
Rfam:RF01003	GO:0016442
Rfam:RF01003	GO:0035195
Rfam:RF01004	GO:0016442
Rfam:RF01004	GO:0035195
Rfam:RF01005	GO:0016442
Rfam:RF01005	GO:0035195
Rfam:RF01006	GO:0016442
Rfam:RF01006	GO:0035195
Rfam:RF01007	GO:0016442
Rfam:RF01007	GO:0035195
Rfam:RF01008	GO:0016442
Rfam:RF01008	GO:0035195
Rfam:RF01009	GO:0016442
Rfam:RF01009	GO:0035195
Rfam:RF01010	GO:0016442
Rfam:RF01010	GO:0035195
Rfam:RF01011	GO:0016442
Rfam:RF01011	GO:0035195
Rfam:RF01012	GO:0016442
Rfam:RF01012	GO:0035195
Rfam:RF01013	GO:0016442
Rfam:RF01013	GO:0035195
Rfam:RF01014	GO:0016442
Rfam:RF01014	GO:0035195
Rfam:RF01015	GO:0016442
Rfam:RF01015	GO:0035195
Rfam:RF01016	GO:0016442
Rfam:RF01016	GO:0035195
Rfam:RF01018	GO:0016442
Rfam:RF01018	GO:0035195
Rfam:RF01019	GO:0016442
Rfam:RF01019	GO:0035195
Rfam:RF01020	GO:0016442
Rfam:RF01020	GO:0035195
Rfam:RF01021	GO:0016442
Rfam:RF01021	GO:0035195
Rfam:RF01022	GO:0016442
Rfam:RF01022	GO:0035195
Rfam:RF01023	GO:0016442
Rfam:RF01023	GO:0035195
Rfam:RF01024	GO:0016442
Rfam:RF01024	GO:0035195
Rfam:RF01025	GO:0016442
Rfam:RF01025	GO:0035195
Rfam:RF01026	GO:0016442
Rfam:RF01026	GO:0035195
Rfam:RF01027	GO:0016442
Rfam:RF01027	GO:0035195
Rfam:RF01028	GO:0016442
Rfam:RF01028	GO:0035195
Rfam:RF01029	GO:0016442
Rfam:RF01029	GO:0035195
Rfam:RF01030	GO:0016442
Rfam:RF01030	GO:0035195
Rfam:RF01031	GO:0016442
Rfam:RF01031	GO:0035195
Rfam:RF01032	GO:0016442
Rfam:RF01032	GO:0035195
Rfam:RF01033	GO:0016442
Rfam:RF01033	GO:0035195
Rfam:RF01034	GO:0016442
Rfam:RF01034	GO:0035195
Rfam:RF01035	GO:0016442
Rfam:RF01035	GO:0035195
Rfam:RF01036	GO:0016442
Rfam:RF01036	GO:0035195
Rfam:RF01037	GO:0016442
Rfam:RF01037	GO:0035195
Rfam:RF01038	GO:0016442
Rfam:RF01038	GO:0035195
Rfam:RF01039	GO:0016442
Rfam:RF01039	GO:0035195
Rfam:RF01040	GO:0016442
Rfam:RF01040	GO:0035195
Rfam:RF01041	GO:0016442
Rfam:RF01041	GO:0035195
Rfam:RF01042	GO:0016442
Rfam:RF01042	GO:0035195
Rfam:RF01043	GO:0016442
Rfam:RF01043	GO:0035195
Rfam:RF01044	GO:0016442
Rfam:RF01044	GO:0035195
Rfam:RF01045	GO:0016442
Rfam:RF01045	GO:0035195
Rfam:RF01046	GO:0006403
Rfam:RF01047	GO:0019079
Rfam:RF01051	GO:0035438
Rfam:RF01054	GO:0008616
Rfam:RF01056	GO:0010468
Rfam:RF01057	GO:0010468
Rfam:RF01057	GO:0046498
Rfam:RF01059	GO:0016442
Rfam:RF01061	GO:0016442
Rfam:RF01061	GO:0035195
Rfam:RF01064	GO:0016442
Rfam:RF01064	GO:0035195
Rfam:RF01065	GO:0010468
Rfam:RF01066	GO:0043934
Rfam:RF01068	GO:0010468
Rfam:RF01069	GO:0010468
Rfam:RF01070	GO:0006417
Rfam:RF01072	GO:0046782
Rfam:RF01073	GO:0039705
Rfam:RF01074	GO:0075523
Rfam:RF01075	GO:0045069
Rfam:RF01076	GO:0075523
Rfam:RF01077	GO:0045069
Rfam:RF01079	GO:0075523
Rfam:RF01080	GO:0046782
Rfam:RF01080	GO:1904973
Rfam:RF01081	GO:0046782
Rfam:RF01081	GO:1904973
Rfam:RF01082	GO:0046782
Rfam:RF01082	GO:1904973
Rfam:RF01083	GO:0046782
Rfam:RF01083	GO:1904973
Rfam:RF01084	GO:0045069
Rfam:RF01085	GO:0045069
Rfam:RF01087	GO:0006417
Rfam:RF01088	GO:0045069
Rfam:RF01089	GO:0006412
Rfam:RF01090	GO:0006452
Rfam:RF01092	GO:0039705
Rfam:RF01093	GO:0006452
Rfam:RF01094	GO:0075523
Rfam:RF01097	GO:0075523
Rfam:RF01098	GO:0075523
Rfam:RF01101	GO:0045069
Rfam:RF01102	GO:0002190
Rfam:RF01103	GO:0046782
Rfam:RF01103	GO:1904973
Rfam:RF01104	GO:0046782
Rfam:RF01104	GO:1904973
Rfam:RF01105	GO:0046782
Rfam:RF01105	GO:1904973
Rfam:RF01106	GO:0046782
Rfam:RF01106	GO:1904973
Rfam:RF01107	GO:0046782
Rfam:RF01107	GO:1904973
Rfam:RF01108	GO:0046782
Rfam:RF01108	GO:1904973
Rfam:RF01109	GO:0046782
Rfam:RF01109	GO:1904973
Rfam:RF01111	GO:0046782
Rfam:RF01111	GO:1904973
Rfam:RF01113	GO:0046782
Rfam:RF01113	GO:1904973
Rfam:RF01114	GO:0046782
Rfam:RF01114	GO:1904973
Rfam:RF01117	GO:0016442
Rfam:RF01117	GO:0035195
Rfam:RF01119	GO:0005730
Rfam:RF01119	GO:0006396
Rfam:RF01120	GO:0005730
Rfam:RF01120	GO:0006396
Rfam:RF01121	GO:0005730
Rfam:RF01121	GO:0006396
Rfam:RF01122	GO:0005730
Rfam:RF01122	GO:0006396
Rfam:RF01123	GO:0005730
Rfam:RF01123	GO:0006396
Rfam:RF01124	GO:0005730
Rfam:RF01124	GO:0006396
Rfam:RF01125	GO:0005730
Rfam:RF01125	GO:0006396
Rfam:RF01126	GO:0005730
Rfam:RF01126	GO:0006396
Rfam:RF01127	GO:0005730
Rfam:RF01127	GO:0006396
Rfam:RF01128	GO:0005730
Rfam:RF01128	GO:0006396
Rfam:RF01129	GO:0005730
Rfam:RF01129	GO:0006396
Rfam:RF01130	GO:0005730
Rfam:RF01130	GO:0006396
Rfam:RF01131	GO:0005730
Rfam:RF01131	GO:0006396
Rfam:RF01132	GO:0005730
Rfam:RF01132	GO:0006396
Rfam:RF01133	GO:0005730
Rfam:RF01133	GO:0006396
Rfam:RF01134	GO:0005730
Rfam:RF01134	GO:0006396
Rfam:RF01135	GO:0005730
Rfam:RF01135	GO:0006396
Rfam:RF01136	GO:0005730
Rfam:RF01136	GO:0006396
Rfam:RF01137	GO:0005730
Rfam:RF01137	GO:0006396
Rfam:RF01138	GO:0005730
Rfam:RF01138	GO:0006396
Rfam:RF01139	GO:0005730
Rfam:RF01139	GO:0006396
Rfam:RF01140	GO:0005730
Rfam:RF01140	GO:0006396
Rfam:RF01141	GO:0005730
Rfam:RF01141	GO:0006396
Rfam:RF01142	GO:0005730
Rfam:RF01142	GO:0006396
Rfam:RF01143	GO:0005730
Rfam:RF01143	GO:0006396
Rfam:RF01144	GO:0005730
Rfam:RF01144	GO:0006396
Rfam:RF01145	GO:0006396
Rfam:RF01146	GO:0005730
Rfam:RF01146	GO:0006396
Rfam:RF01147	GO:0005730
Rfam:RF01147	GO:0006396
Rfam:RF01149	GO:0005730
Rfam:RF01149	GO:0006396
Rfam:RF01150	GO:0005730
Rfam:RF01150	GO:0006396
Rfam:RF01151	GO:0005730
Rfam:RF01151	GO:0006396
Rfam:RF01152	GO:0005730
Rfam:RF01152	GO:0006396
Rfam:RF01153	GO:0005730
Rfam:RF01153	GO:0006396
Rfam:RF01155	GO:0005730
Rfam:RF01155	GO:0006396
Rfam:RF01156	GO:0005730
Rfam:RF01156	GO:0006396
Rfam:RF01157	GO:0005730
Rfam:RF01157	GO:0006396
Rfam:RF01158	GO:0005730
Rfam:RF01158	GO:0006396
Rfam:RF01159	GO:0005730
Rfam:RF01159	GO:0006396
Rfam:RF01160	GO:0005730
Rfam:RF01160	GO:0006396
Rfam:RF01161	GO:0005730
Rfam:RF01161	GO:0006396
Rfam:RF01162	GO:0005730
Rfam:RF01162	GO:0006396
Rfam:RF01163	GO:0005730
Rfam:RF01163	GO:0006396
Rfam:RF01164	GO:0005730
Rfam:RF01164	GO:0006396
Rfam:RF01165	GO:0005730
Rfam:RF01165	GO:0006396
Rfam:RF01166	GO:0005730
Rfam:RF01166	GO:0006396
Rfam:RF01167	GO:0005730
Rfam:RF01167	GO:0006396
Rfam:RF01168	GO:0005730
Rfam:RF01168	GO:0006396
Rfam:RF01169	GO:0005730
Rfam:RF01169	GO:0006396
Rfam:RF01170	GO:0005730
Rfam:RF01170	GO:0006396
Rfam:RF01171	GO:0005730
Rfam:RF01171	GO:0006396
Rfam:RF01172	GO:0005730
Rfam:RF01172	GO:0006396
Rfam:RF01173	GO:0005730
Rfam:RF01173	GO:0006396
Rfam:RF01174	GO:0005730
Rfam:RF01174	GO:0006396
Rfam:RF01175	GO:0005730
Rfam:RF01175	GO:0006396
Rfam:RF01176	GO:0005730
Rfam:RF01176	GO:0006396
Rfam:RF01177	GO:0005730
Rfam:RF01177	GO:0006396
Rfam:RF01178	GO:0005730
Rfam:RF01178	GO:0006396
Rfam:RF01179	GO:0005730
Rfam:RF01179	GO:0006396
Rfam:RF01180	GO:0005730
Rfam:RF01180	GO:0006396
Rfam:RF01181	GO:0005730
Rfam:RF01181	GO:0006396
Rfam:RF01182	GO:0005730
Rfam:RF01182	GO:0006396
Rfam:RF01183	GO:0005730
Rfam:RF01183	GO:0006396
Rfam:RF01184	GO:0005730
Rfam:RF01184	GO:0006396
Rfam:RF01185	GO:0005730
Rfam:RF01185	GO:0006396
Rfam:RF01186	GO:0005730
Rfam:RF01186	GO:0006396
Rfam:RF01188	GO:0005730
Rfam:RF01188	GO:0006396
Rfam:RF01189	GO:0005730
Rfam:RF01189	GO:0006396
Rfam:RF01190	GO:0005730
Rfam:RF01190	GO:0006396
Rfam:RF01191	GO:0005730
Rfam:RF01191	GO:0006396
Rfam:RF01192	GO:0005730
Rfam:RF01192	GO:0006396
Rfam:RF01193	GO:0005730
Rfam:RF01193	GO:0006396
Rfam:RF01194	GO:0005730
Rfam:RF01194	GO:0006396
Rfam:RF01195	GO:0005730
Rfam:RF01195	GO:0006396
Rfam:RF01196	GO:0005730
Rfam:RF01196	GO:0006396
Rfam:RF01197	GO:0005730
Rfam:RF01197	GO:0006396
Rfam:RF01198	GO:0005730
Rfam:RF01198	GO:0006396
Rfam:RF01199	GO:0005730
Rfam:RF01199	GO:0006396
Rfam:RF01200	GO:0005730
Rfam:RF01200	GO:0006396
Rfam:RF01201	GO:0005730
Rfam:RF01201	GO:0006396
Rfam:RF01202	GO:0005730
Rfam:RF01202	GO:0006396
Rfam:RF01203	GO:0005730
Rfam:RF01203	GO:0006396
Rfam:RF01204	GO:0005730
Rfam:RF01204	GO:0006396
Rfam:RF01205	GO:0005730
Rfam:RF01205	GO:0006396
Rfam:RF01206	GO:0005730
Rfam:RF01206	GO:0006396
Rfam:RF01207	GO:0005730
Rfam:RF01207	GO:0006396
Rfam:RF01208	GO:0005730
Rfam:RF01208	GO:0006396
Rfam:RF01209	GO:0005730
Rfam:RF01209	GO:0006396
Rfam:RF01210	GO:0005730
Rfam:RF01210	GO:0006396
Rfam:RF01211	GO:0005730
Rfam:RF01211	GO:0006396
Rfam:RF01212	GO:0005730
Rfam:RF01212	GO:0006396
Rfam:RF01213	GO:0005730
Rfam:RF01213	GO:0006396
Rfam:RF01214	GO:0005730
Rfam:RF01214	GO:0006396
Rfam:RF01215	GO:0005730
Rfam:RF01215	GO:0006396
Rfam:RF01216	GO:0005730
Rfam:RF01216	GO:0006396
Rfam:RF01218	GO:0005730
Rfam:RF01218	GO:0006396
Rfam:RF01219	GO:0005730
Rfam:RF01219	GO:0006396
Rfam:RF01220	GO:0005730
Rfam:RF01220	GO:0006396
Rfam:RF01221	GO:0005730
Rfam:RF01221	GO:0006396
Rfam:RF01222	GO:0005730
Rfam:RF01222	GO:0006396
Rfam:RF01223	GO:0005730
Rfam:RF01223	GO:0006396
Rfam:RF01224	GO:0005730
Rfam:RF01224	GO:0006396
Rfam:RF01225	GO:0005730
Rfam:RF01225	GO:0006396
Rfam:RF01226	GO:0005730
Rfam:RF01226	GO:0006396
Rfam:RF01227	GO:0005730
Rfam:RF01227	GO:0006396
Rfam:RF01228	GO:0005730
Rfam:RF01228	GO:0006396
Rfam:RF01229	GO:0005730
Rfam:RF01229	GO:0006396
Rfam:RF01230	GO:0005730
Rfam:RF01230	GO:0006396
Rfam:RF01231	GO:0005730
Rfam:RF01231	GO:0006396
Rfam:RF01232	GO:0005730
Rfam:RF01232	GO:0006396
Rfam:RF01233	GO:0005730
Rfam:RF01233	GO:0006396
Rfam:RF01234	GO:0005730
Rfam:RF01234	GO:0006396
Rfam:RF01235	GO:0005730
Rfam:RF01235	GO:0006396
Rfam:RF01236	GO:0005730
Rfam:RF01236	GO:0006396
Rfam:RF01237	GO:0005730
Rfam:RF01237	GO:0006396
Rfam:RF01238	GO:0005730
Rfam:RF01238	GO:0006396
Rfam:RF01239	GO:0005730
Rfam:RF01239	GO:0006396
Rfam:RF01240	GO:0005730
Rfam:RF01240	GO:0006396
Rfam:RF01241	GO:0005730
Rfam:RF01241	GO:0006396
Rfam:RF01242	GO:0005730
Rfam:RF01242	GO:0006396
Rfam:RF01243	GO:0005730
Rfam:RF01243	GO:0006396
Rfam:RF01244	GO:0005730
Rfam:RF01244	GO:0006396
Rfam:RF01245	GO:0005730
Rfam:RF01245	GO:0006396
Rfam:RF01246	GO:0005730
Rfam:RF01246	GO:0006396
Rfam:RF01247	GO:0005730
Rfam:RF01247	GO:0006396
Rfam:RF01248	GO:0005730
Rfam:RF01248	GO:0006396
Rfam:RF01249	GO:0005730
Rfam:RF01249	GO:0006396
Rfam:RF01250	GO:0005730
Rfam:RF01250	GO:0006396
Rfam:RF01251	GO:0005730
Rfam:RF01251	GO:0006396
Rfam:RF01252	GO:0005730
Rfam:RF01252	GO:0006396
Rfam:RF01253	GO:0005730
Rfam:RF01253	GO:0006396
Rfam:RF01254	GO:0005730
Rfam:RF01254	GO:0006396
Rfam:RF01255	GO:0005730
Rfam:RF01255	GO:0006396
Rfam:RF01256	GO:0005730
Rfam:RF01256	GO:0006396
Rfam:RF01257	GO:0005730
Rfam:RF01257	GO:0006396
Rfam:RF01258	GO:0005730
Rfam:RF01258	GO:0006396
Rfam:RF01259	GO:0005730
Rfam:RF01259	GO:0006396
Rfam:RF01260	GO:0005730
Rfam:RF01260	GO:0006396
Rfam:RF01261	GO:0005730
Rfam:RF01261	GO:0006396
Rfam:RF01262	GO:0005730
Rfam:RF01262	GO:0006396
Rfam:RF01263	GO:0005730
Rfam:RF01263	GO:0006396
Rfam:RF01264	GO:0005730
Rfam:RF01264	GO:0006396
Rfam:RF01265	GO:0005730
Rfam:RF01265	GO:0006396
Rfam:RF01266	GO:0005730
Rfam:RF01266	GO:0006396
Rfam:RF01267	GO:0005730
Rfam:RF01267	GO:0006396
Rfam:RF01268	GO:0005730
Rfam:RF01268	GO:0006396
Rfam:RF01269	GO:0005730
Rfam:RF01269	GO:0006396
Rfam:RF01270	GO:0005730
Rfam:RF01270	GO:0006396
Rfam:RF01271	GO:0005730
Rfam:RF01271	GO:0006396
Rfam:RF01272	GO:0005730
Rfam:RF01272	GO:0006396
Rfam:RF01273	GO:0005730
Rfam:RF01273	GO:0006396
Rfam:RF01274	GO:0005730
Rfam:RF01274	GO:0006396
Rfam:RF01275	GO:0005730
Rfam:RF01275	GO:0006396
Rfam:RF01276	GO:0005730
Rfam:RF01276	GO:0006396
Rfam:RF01277	GO:0005730
Rfam:RF01277	GO:0006396
Rfam:RF01278	GO:0005730
Rfam:RF01278	GO:0006396
Rfam:RF01279	GO:0005730
Rfam:RF01279	GO:0006396
Rfam:RF01280	GO:0005730
Rfam:RF01280	GO:0006396
Rfam:RF01281	GO:0005730
Rfam:RF01281	GO:0006396
Rfam:RF01283	GO:0005730
Rfam:RF01283	GO:0006396
Rfam:RF01284	GO:0005730
Rfam:RF01284	GO:0006396
Rfam:RF01285	GO:0005730
Rfam:RF01285	GO:0006396
Rfam:RF01286	GO:0005730
Rfam:RF01286	GO:0006396
Rfam:RF01287	GO:0005730
Rfam:RF01287	GO:0006396
Rfam:RF01288	GO:0005730
Rfam:RF01288	GO:0006396
Rfam:RF01289	GO:0005730
Rfam:RF01289	GO:0006396
Rfam:RF01290	GO:0005730
Rfam:RF01290	GO:0006396
Rfam:RF01291	GO:0005730
Rfam:RF01291	GO:0006396
Rfam:RF01292	GO:0005730
Rfam:RF01292	GO:0006396
Rfam:RF01293	GO:0005730
Rfam:RF01293	GO:0006396
Rfam:RF01294	GO:0005730
Rfam:RF01294	GO:0006396
Rfam:RF01295	GO:0005730
Rfam:RF01295	GO:0006396
Rfam:RF01296	GO:0005730
Rfam:RF01296	GO:0006396
Rfam:RF01297	GO:0005730
Rfam:RF01297	GO:0006396
Rfam:RF01298	GO:0005730
Rfam:RF01298	GO:0006396
Rfam:RF01299	GO:0005730
Rfam:RF01299	GO:0006396
Rfam:RF01300	GO:0005730
Rfam:RF01300	GO:0006396
Rfam:RF01301	GO:0005730
Rfam:RF01301	GO:0006396
Rfam:RF01302	GO:0005730
Rfam:RF01302	GO:0006396
Rfam:RF01303	GO:0005730
Rfam:RF01303	GO:0006396
Rfam:RF01304	GO:0005730
Rfam:RF01304	GO:0006396
Rfam:RF01305	GO:0005730
Rfam:RF01305	GO:0006396
Rfam:RF01306	GO:0005730
Rfam:RF01306	GO:0006396
Rfam:RF01307	GO:0005730
Rfam:RF01307	GO:0006396
Rfam:RF01308	GO:0005730
Rfam:RF01308	GO:0006396
Rfam:RF01309	GO:0005730
Rfam:RF01309	GO:0006396
Rfam:RF01310	GO:0005730
Rfam:RF01310	GO:0006396
Rfam:RF01312	GO:0005730
Rfam:RF01312	GO:0006396
Rfam:RF01313	GO:0019079
Rfam:RF01314	GO:0016442
Rfam:RF01314	GO:0035195
Rfam:RF01315	GO:0006952
Rfam:RF01316	GO:0006952
Rfam:RF01317	GO:0006952
Rfam:RF01318	GO:0006952
Rfam:RF01319	GO:0006952
Rfam:RF01320	GO:0006952
Rfam:RF01321	GO:0006952
Rfam:RF01322	GO:0006952
Rfam:RF01323	GO:0006952
Rfam:RF01324	GO:0006952
Rfam:RF01325	GO:0006952
Rfam:RF01326	GO:0006952
Rfam:RF01327	GO:0006952
Rfam:RF01328	GO:0006952
Rfam:RF01329	GO:0006952
Rfam:RF01330	GO:0006952
Rfam:RF01331	GO:0006952
Rfam:RF01332	GO:0006952
Rfam:RF01333	GO:0006952
Rfam:RF01334	GO:0006952
Rfam:RF01335	GO:0006952
Rfam:RF01336	GO:0006952
Rfam:RF01337	GO:0006952
Rfam:RF01338	GO:0006952
Rfam:RF01339	GO:0006952
Rfam:RF01340	GO:0006952
Rfam:RF01341	GO:0006952
Rfam:RF01342	GO:0006952
Rfam:RF01343	GO:0006952
Rfam:RF01344	GO:0006952
Rfam:RF01345	GO:0006952
Rfam:RF01346	GO:0006952
Rfam:RF01347	GO:0006952
Rfam:RF01348	GO:0006952
Rfam:RF01349	GO:0006952
Rfam:RF01350	GO:0006952
Rfam:RF01351	GO:0006952
Rfam:RF01352	GO:0006952
Rfam:RF01353	GO:0006952
Rfam:RF01354	GO:0006952
Rfam:RF01355	GO:0006952
Rfam:RF01356	GO:0006952
Rfam:RF01357	GO:0006952
Rfam:RF01358	GO:0006952
Rfam:RF01359	GO:0006952
Rfam:RF01360	GO:0006952
Rfam:RF01361	GO:0006952
Rfam:RF01362	GO:0006952
Rfam:RF01363	GO:0006952
Rfam:RF01364	GO:0006952
Rfam:RF01365	GO:0006952
Rfam:RF01366	GO:0006952
Rfam:RF01367	GO:0006952
Rfam:RF01368	GO:0006952
Rfam:RF01369	GO:0006952
Rfam:RF01370	GO:0006952
Rfam:RF01371	GO:0006952
Rfam:RF01373	GO:0006952
Rfam:RF01374	GO:0006952
Rfam:RF01375	GO:0006952
Rfam:RF01376	GO:0006952
Rfam:RF01377	GO:0006952
Rfam:RF01378	GO:0006952
Rfam:RF01379	GO:0006952
Rfam:RF01380	GO:0043484
Rfam:RF01381	GO:0019074
Rfam:RF01400	GO:0003729
Rfam:RF01400	GO:0017148
Rfam:RF01408	GO:0010629
Rfam:RF01412	GO:0001896
Rfam:RF01412	GO:0090729
Rfam:RF01413	GO:0016442
Rfam:RF01413	GO:0035195
Rfam:RF01416	GO:0045974
Rfam:RF01417	GO:0043487
Rfam:RF01420	GO:0005730
Rfam:RF01420	GO:0006396
Rfam:RF01421	GO:0005730
Rfam:RF01421	GO:0006396
Rfam:RF01422	GO:0005730
Rfam:RF01422	GO:0006396
Rfam:RF01423	GO:0005730
Rfam:RF01423	GO:0006396
Rfam:RF01424	GO:0005730
Rfam:RF01424	GO:0006396
Rfam:RF01425	GO:0005730
Rfam:RF01425	GO:0006396
Rfam:RF01426	GO:0005730
Rfam:RF01426	GO:0006396
Rfam:RF01427	GO:0005730
Rfam:RF01427	GO:0006396
Rfam:RF01428	GO:0005730
Rfam:RF01428	GO:0006396
Rfam:RF01429	GO:0005730
Rfam:RF01429	GO:0006396
Rfam:RF01430	GO:0005730
Rfam:RF01430	GO:0006396
Rfam:RF01431	GO:0005730
Rfam:RF01431	GO:0006396
Rfam:RF01432	GO:0005730
Rfam:RF01432	GO:0006396
Rfam:RF01433	GO:0005730
Rfam:RF01433	GO:0006396
Rfam:RF01434	GO:0005730
Rfam:RF01434	GO:0006396
Rfam:RF01435	GO:0005730
Rfam:RF01435	GO:0006396
Rfam:RF01436	GO:0005730
Rfam:RF01436	GO:0006396
Rfam:RF01437	GO:0005730
Rfam:RF01437	GO:0006396
Rfam:RF01438	GO:0005730
Rfam:RF01438	GO:0006396
Rfam:RF01439	GO:0005730
Rfam:RF01439	GO:0006396
Rfam:RF01440	GO:0005730
Rfam:RF01440	GO:0006396
Rfam:RF01441	GO:0005730
Rfam:RF01441	GO:0006396
Rfam:RF01442	GO:0005730
Rfam:RF01442	GO:0006396
Rfam:RF01443	GO:0005730
Rfam:RF01443	GO:0006396
Rfam:RF01444	GO:0005730
Rfam:RF01444	GO:0006396
Rfam:RF01445	GO:0005730
Rfam:RF01445	GO:0006396
Rfam:RF01446	GO:0005730
Rfam:RF01446	GO:0006396
Rfam:RF01447	GO:0005730
Rfam:RF01447	GO:0006396
Rfam:RF01448	GO:0005730
Rfam:RF01448	GO:0006396
Rfam:RF01449	GO:0005730
Rfam:RF01449	GO:0006396
Rfam:RF01450	GO:0005730
Rfam:RF01450	GO:0006396
Rfam:RF01451	GO:0005730
Rfam:RF01451	GO:0006396
Rfam:RF01452	GO:0005730
Rfam:RF01452	GO:0006396
Rfam:RF01453	GO:0045975
Rfam:RF01454	GO:0043487
Rfam:RF01454	GO:0045975
Rfam:RF01455	GO:0043487
Rfam:RF01456	GO:0003729
Rfam:RF01456	GO:0017148
Rfam:RF01457	GO:0003729
Rfam:RF01457	GO:0045947
Rfam:RF01469	GO:0003729
Rfam:RF01469	GO:0045947
Rfam:RF01482	GO:0045893
Rfam:RF01482	GO:0046336
Rfam:RF01495	GO:0006446
Rfam:RF01497	GO:2001126
Rfam:RF01498	GO:0005730
Rfam:RF01498	GO:0006396
Rfam:RF01499	GO:0005730
Rfam:RF01499	GO:0006396
Rfam:RF01500	GO:0005730
Rfam:RF01500	GO:0006396
Rfam:RF01501	GO:0005730
Rfam:RF01501	GO:0006396
Rfam:RF01502	GO:0005786
Rfam:RF01502	GO:0006617
Rfam:RF01502	GO:0048501
Rfam:RF01505	GO:0005730
Rfam:RF01505	GO:0006396
Rfam:RF01506	GO:0005730
Rfam:RF01506	GO:0006396
Rfam:RF01507	GO:0005730
Rfam:RF01507	GO:0006396
Rfam:RF01508	GO:0003743
Rfam:RF01508	GO:1904973
Rfam:RF01509	GO:0005730
Rfam:RF01509	GO:0006396
Rfam:RF01510	GO:0031554
Rfam:RF01510	GO:0032546
Rfam:RF01511	GO:0005730
Rfam:RF01511	GO:0006396
Rfam:RF01513	GO:0005730
Rfam:RF01513	GO:0006396
Rfam:RF01514	GO:0005730
Rfam:RF01514	GO:0006396
Rfam:RF01515	GO:0005730
Rfam:RF01515	GO:0006396
Rfam:RF01516	GO:0005730
Rfam:RF01516	GO:0006396
Rfam:RF01517	GO:0075139
Rfam:RF01518	GO:0006338
Rfam:RF01522	GO:0005730
Rfam:RF01522	GO:0006396
Rfam:RF01523	GO:0005730
Rfam:RF01523	GO:0006396
Rfam:RF01524	GO:0005730
Rfam:RF01524	GO:0006396
Rfam:RF01525	GO:0005730
Rfam:RF01525	GO:0006396
Rfam:RF01526	GO:0005730
Rfam:RF01526	GO:0006396
Rfam:RF01531	GO:0005730
Rfam:RF01531	GO:0006396
Rfam:RF01532	GO:0005730
Rfam:RF01532	GO:0006396
Rfam:RF01533	GO:0005730
Rfam:RF01533	GO:0006396
Rfam:RF01534	GO:0005730
Rfam:RF01534	GO:0006396
Rfam:RF01535	GO:0005730
Rfam:RF01535	GO:0006396
Rfam:RF01536	GO:0005730
Rfam:RF01536	GO:0006396
Rfam:RF01537	GO:0005730
Rfam:RF01537	GO:0006396
Rfam:RF01538	GO:0005730
Rfam:RF01538	GO:0006396
Rfam:RF01539	GO:0005730
Rfam:RF01539	GO:0006396
Rfam:RF01540	GO:0005730
Rfam:RF01540	GO:0006396
Rfam:RF01541	GO:0005730
Rfam:RF01541	GO:0006396
Rfam:RF01542	GO:0005730
Rfam:RF01542	GO:0006396
Rfam:RF01543	GO:0005730
Rfam:RF01543	GO:0006396
Rfam:RF01544	GO:0005730
Rfam:RF01544	GO:0006396
Rfam:RF01545	GO:0005730
Rfam:RF01545	GO:0006396
Rfam:RF01546	GO:0005730
Rfam:RF01546	GO:0006396
Rfam:RF01547	GO:0005730
Rfam:RF01547	GO:0006396
Rfam:RF01548	GO:0005730
Rfam:RF01548	GO:0006396
Rfam:RF01549	GO:0005730
Rfam:RF01549	GO:0006396
Rfam:RF01550	GO:0005730
Rfam:RF01550	GO:0006396
Rfam:RF01551	GO:0005730
Rfam:RF01551	GO:0006396
Rfam:RF01552	GO:0005730
Rfam:RF01552	GO:0006396
Rfam:RF01553	GO:0005730
Rfam:RF01553	GO:0006396
Rfam:RF01554	GO:0005730
Rfam:RF01554	GO:0006396
Rfam:RF01555	GO:0005730
Rfam:RF01555	GO:0006396
Rfam:RF01556	GO:0005730
Rfam:RF01556	GO:0006396
Rfam:RF01557	GO:0005730
Rfam:RF01557	GO:0006396
Rfam:RF01558	GO:0005730
Rfam:RF01558	GO:0006396
Rfam:RF01559	GO:0005730
Rfam:RF01559	GO:0006396
Rfam:RF01560	GO:0005730
Rfam:RF01560	GO:0006396
Rfam:RF01561	GO:0005730
Rfam:RF01561	GO:0006396
Rfam:RF01562	GO:0005730
Rfam:RF01562	GO:0006396
Rfam:RF01563	GO:0005730
Rfam:RF01563	GO:0006396
Rfam:RF01564	GO:0005730
Rfam:RF01564	GO:0006396
Rfam:RF01565	GO:0005730
Rfam:RF01565	GO:0006396
Rfam:RF01566	GO:0005730
Rfam:RF01566	GO:0006396
Rfam:RF01567	GO:0005730
Rfam:RF01567	GO:0006396
Rfam:RF01568	GO:0005730
Rfam:RF01568	GO:0006396
Rfam:RF01569	GO:0005730
Rfam:RF01569	GO:0006396
Rfam:RF01572	GO:0005730
Rfam:RF01572	GO:0006396
Rfam:RF01573	GO:0005730
Rfam:RF01573	GO:0006396
Rfam:RF01574	GO:0005730
Rfam:RF01574	GO:0006396
Rfam:RF01575	GO:0005730
Rfam:RF01575	GO:0006396
Rfam:RF01576	GO:0005730
Rfam:RF01576	GO:0006396
Rfam:RF01583	GO:0005730
Rfam:RF01583	GO:0006396
Rfam:RF01584	GO:0005730
Rfam:RF01584	GO:0006396
Rfam:RF01585	GO:0005730
Rfam:RF01585	GO:0006396
Rfam:RF01586	GO:0005730
Rfam:RF01586	GO:0006396
Rfam:RF01587	GO:0005730
Rfam:RF01587	GO:0006396
Rfam:RF01588	GO:0005730
Rfam:RF01588	GO:0006396
Rfam:RF01589	GO:0005730
Rfam:RF01589	GO:0006396
Rfam:RF01590	GO:0005730
Rfam:RF01590	GO:0006396
Rfam:RF01591	GO:0005730
Rfam:RF01591	GO:0006396
Rfam:RF01592	GO:0005730
Rfam:RF01592	GO:0006396
Rfam:RF01593	GO:0005730
Rfam:RF01593	GO:0006396
Rfam:RF01594	GO:0005730
Rfam:RF01594	GO:0006396
Rfam:RF01595	GO:0005730
Rfam:RF01595	GO:0006396
Rfam:RF01596	GO:0005730
Rfam:RF01596	GO:0006396
Rfam:RF01597	GO:0005730
Rfam:RF01597	GO:0006396
Rfam:RF01598	GO:0005730
Rfam:RF01598	GO:0006396
Rfam:RF01599	GO:0005730
Rfam:RF01599	GO:0006396
Rfam:RF01600	GO:0005730
Rfam:RF01600	GO:0006396
Rfam:RF01601	GO:0005730
Rfam:RF01601	GO:0006396
Rfam:RF01602	GO:0005730
Rfam:RF01602	GO:0006396
Rfam:RF01603	GO:0005730
Rfam:RF01603	GO:0006396
Rfam:RF01604	GO:0005730
Rfam:RF01604	GO:0006396
Rfam:RF01605	GO:0005730
Rfam:RF01605	GO:0006396
Rfam:RF01606	GO:0005730
Rfam:RF01606	GO:0006396
Rfam:RF01607	GO:0005730
Rfam:RF01607	GO:0006396
Rfam:RF01608	GO:0005730
Rfam:RF01608	GO:0006396
Rfam:RF01609	GO:0005730
Rfam:RF01609	GO:0006396
Rfam:RF01610	GO:0005730
Rfam:RF01610	GO:0006396
Rfam:RF01611	GO:0005730
Rfam:RF01611	GO:0006396
Rfam:RF01612	GO:0005730
Rfam:RF01612	GO:0006396
Rfam:RF01613	GO:0005730
Rfam:RF01613	GO:0006396
Rfam:RF01614	GO:0005730
Rfam:RF01614	GO:0006396
Rfam:RF01615	GO:0005730
Rfam:RF01615	GO:0006396
Rfam:RF01617	GO:0005730
Rfam:RF01617	GO:0006396
Rfam:RF01618	GO:0005730
Rfam:RF01618	GO:0006396
Rfam:RF01620	GO:0005730
Rfam:RF01620	GO:0006396
Rfam:RF01621	GO:0005730
Rfam:RF01621	GO:0006396
Rfam:RF01622	GO:0005730
Rfam:RF01622	GO:0006396
Rfam:RF01624	GO:0005730
Rfam:RF01624	GO:0006396
Rfam:RF01625	GO:0005730
Rfam:RF01625	GO:0006396
Rfam:RF01626	GO:0005730
Rfam:RF01626	GO:0006396
Rfam:RF01627	GO:0005730
Rfam:RF01627	GO:0006396
Rfam:RF01628	GO:0005730
Rfam:RF01628	GO:0006396
Rfam:RF01629	GO:0005730
Rfam:RF01629	GO:0006396
Rfam:RF01630	GO:0005730
Rfam:RF01630	GO:0006396
Rfam:RF01631	GO:0005730
Rfam:RF01631	GO:0006396
Rfam:RF01632	GO:0005730
Rfam:RF01632	GO:0006396
Rfam:RF01633	GO:0005730
Rfam:RF01633	GO:0006396
Rfam:RF01634	GO:0005730
Rfam:RF01634	GO:0006396
Rfam:RF01635	GO:0005730
Rfam:RF01635	GO:0006396
Rfam:RF01636	GO:0005730
Rfam:RF01636	GO:0006396
Rfam:RF01637	GO:0005730
Rfam:RF01637	GO:0006396
Rfam:RF01638	GO:0005730
Rfam:RF01638	GO:0006396
Rfam:RF01639	GO:0005730
Rfam:RF01639	GO:0006396
Rfam:RF01640	GO:0005730
Rfam:RF01640	GO:0006396
Rfam:RF01641	GO:0005730
Rfam:RF01641	GO:0006396
Rfam:RF01642	GO:0005730
Rfam:RF01642	GO:0006396
Rfam:RF01644	GO:0005730
Rfam:RF01644	GO:0006396
Rfam:RF01645	GO:0005730
Rfam:RF01645	GO:0006396
Rfam:RF01646	GO:0005730
Rfam:RF01646	GO:0006396
Rfam:RF01647	GO:0005730
Rfam:RF01647	GO:0006396
Rfam:RF01648	GO:0005730
Rfam:RF01648	GO:0006396
Rfam:RF01649	GO:0005730
Rfam:RF01649	GO:0006396
Rfam:RF01650	GO:0005730
Rfam:RF01650	GO:0006396
Rfam:RF01651	GO:0005730
Rfam:RF01651	GO:0006396
Rfam:RF01652	GO:0005730
Rfam:RF01652	GO:0006396
Rfam:RF01653	GO:0005730
Rfam:RF01653	GO:0006396
Rfam:RF01654	GO:0005730
Rfam:RF01654	GO:0006396
Rfam:RF01655	GO:0005730
Rfam:RF01655	GO:0006396
Rfam:RF01658	GO:0005730
Rfam:RF01658	GO:0006396
Rfam:RF01659	GO:0005730
Rfam:RF01659	GO:0006396
Rfam:RF01660	GO:0005730
Rfam:RF01660	GO:0006396
Rfam:RF01661	GO:0005730
Rfam:RF01661	GO:0006396
Rfam:RF01662	GO:0005730
Rfam:RF01662	GO:0006396
Rfam:RF01664	GO:0005730
Rfam:RF01664	GO:0006396
Rfam:RF01666	GO:0046536
Rfam:RF01667	GO:0046536
Rfam:RF01673	GO:0009372
Rfam:RF01675	GO:0045013
Rfam:RF01689	GO:0010468
Rfam:RF01692	GO:0010468
Rfam:RF01692	GO:0046500
Rfam:RF01704	GO:0070406
Rfam:RF01719	GO:0003729
Rfam:RF01719	GO:0040033
Rfam:RF01719	GO:0045975
Rfam:RF01719	GO:0046677
Rfam:RF01725	GO:0010468
Rfam:RF01725	GO:0046500
Rfam:RF01727	GO:0010468
Rfam:RF01727	GO:0046500
Rfam:RF01732	GO:0045975
Rfam:RF01732	GO:0048027
Rfam:RF01734	GO:0010628
Rfam:RF01734	GO:1902617
Rfam:RF01739	GO:0070406
Rfam:RF01743	GO:0010468
Rfam:RF01750	GO:0006730
Rfam:RF01750	GO:1900371
Rfam:RF01763	GO:0010468
Rfam:RF01765	GO:0045892
Rfam:RF01766	GO:0006417
Rfam:RF01766	GO:0009266
Rfam:RF01767	GO:0004478
Rfam:RF01767	GO:0006446
Rfam:RF01768	GO:0075523
Rfam:RF01769	GO:0010468
Rfam:RF01770	GO:0010468
Rfam:RF01771	GO:0010468
Rfam:RF01772	GO:0010468
Rfam:RF01773	GO:0010468
Rfam:RF01774	GO:0010468
Rfam:RF01776	GO:0003729
Rfam:RF01776	GO:0017148
Rfam:RF01785	GO:0075523
Rfam:RF01786	GO:0010468
Rfam:RF01786	GO:0035438
Rfam:RF01787	GO:0003824
Rfam:RF01788	GO:0003824
Rfam:RF01790	GO:0075523
Rfam:RF01792	GO:0075523
Rfam:RF01794	GO:0003729
Rfam:RF01795	GO:0006417
Rfam:RF01795	GO:0009266
Rfam:RF01797	GO:0003729
Rfam:RF01804	GO:0006417
Rfam:RF01804	GO:0009266
Rfam:RF01807	GO:0008380
Rfam:RF01809	GO:0003729
Rfam:RF01811	GO:0003729
Rfam:RF01811	GO:0017148
Rfam:RF01812	GO:0040033
Rfam:RF01813	GO:0003729
Rfam:RF01813	GO:0017148
Rfam:RF01816	GO:0003729
Rfam:RF01816	GO:0040033
Rfam:RF01820	GO:0006446
Rfam:RF01826	GO:0010468
Rfam:RF01826	GO:0046500
Rfam:RF01831	GO:0046653
Rfam:RF01832	GO:0006417
Rfam:RF01832	GO:0009266
Rfam:RF01833	GO:0075523
Rfam:RF01834	GO:0075523
Rfam:RF01835	GO:0075523
Rfam:RF01836	GO:0075523
Rfam:RF01837	GO:0075523
Rfam:RF01838	GO:0075523
Rfam:RF01839	GO:0075523
Rfam:RF01840	GO:0075523
Rfam:RF01841	GO:0075523
Rfam:RF01842	GO:0006452
Rfam:RF01843	GO:0006452
Rfam:RF01845	GO:0009877
Rfam:RF01846	GO:0005730
Rfam:RF01846	GO:0006396
Rfam:RF01847	GO:0005730
Rfam:RF01847	GO:0006396
Rfam:RF01848	GO:0005730
Rfam:RF01848	GO:0006396
Rfam:RF01849	GO:0006401
Rfam:RF01850	GO:0006401
Rfam:RF01851	GO:0006401
Rfam:RF01852	GO:0030533
Rfam:RF01854	GO:0006617
Rfam:RF01854	GO:0048501
Rfam:RF01855	GO:0005786
Rfam:RF01855	GO:0006617
Rfam:RF01856	GO:0005786
Rfam:RF01856	GO:0006617
Rfam:RF01857	GO:0006617
Rfam:RF01857	GO:0048501
Rfam:RF01859	GO:0006520
Rfam:RF01860	GO:0005730
Rfam:RF01860	GO:0006396
Rfam:RF01861	GO:0005730
Rfam:RF01861	GO:0006396
Rfam:RF01862	GO:0005730
Rfam:RF01862	GO:0006396
Rfam:RF01863	GO:0005730
Rfam:RF01863	GO:0006396
Rfam:RF01864	GO:0005730
Rfam:RF01864	GO:0006396
Rfam:RF01865	GO:0010042
Rfam:RF01866	GO:0005730
Rfam:RF01866	GO:0006396
Rfam:RF01871	GO:2000147
Rfam:RF01872	GO:0030308
Rfam:RF01874	GO:0001708
Rfam:RF01874	GO:0005634
Rfam:RF01875	GO:0001708
Rfam:RF01875	GO:0005634
Rfam:RF01876	GO:0001708
Rfam:RF01876	GO:0005634
Rfam:RF01877	GO:0001708
Rfam:RF01877	GO:0005634
Rfam:RF01880	GO:0009048
Rfam:RF01881	GO:0009048
Rfam:RF01882	GO:0042478
Rfam:RF01883	GO:0042478
Rfam:RF01885	GO:0016607
Rfam:RF01885	GO:0042981
Rfam:RF01886	GO:0016607
Rfam:RF01886	GO:0042981
Rfam:RF01887	GO:0030900
Rfam:RF01887	GO:0045893
Rfam:RF01888	GO:0030900
Rfam:RF01888	GO:0045893
Rfam:RF01889	GO:0042981
Rfam:RF01890	GO:0042981
Rfam:RF01891	GO:0042478
Rfam:RF01892	GO:0042478
Rfam:RF01895	GO:0016442
Rfam:RF01895	GO:0035195
Rfam:RF01896	GO:0016442
Rfam:RF01896	GO:0035195
Rfam:RF01897	GO:0016442
Rfam:RF01897	GO:0035195
Rfam:RF01898	GO:0016442
Rfam:RF01898	GO:0035195
Rfam:RF01899	GO:0016442
Rfam:RF01899	GO:0035195
Rfam:RF01900	GO:0016442
Rfam:RF01900	GO:0035195
Rfam:RF01901	GO:0016442
Rfam:RF01901	GO:0035195
Rfam:RF01902	GO:0016442
Rfam:RF01902	GO:0035195
Rfam:RF01903	GO:0016442
Rfam:RF01903	GO:0035195
Rfam:RF01904	GO:0005515
Rfam:RF01904	GO:0031507
Rfam:RF01905	GO:0005515
Rfam:RF01905	GO:0031507
Rfam:RF01906	GO:0005515
Rfam:RF01906	GO:0031507
Rfam:RF01909	GO:0005515
Rfam:RF01909	GO:0031507
Rfam:RF01910	GO:0016442
Rfam:RF01910	GO:0035195
Rfam:RF01911	GO:0016442
Rfam:RF01911	GO:0035195
Rfam:RF01912	GO:0016442
Rfam:RF01912	GO:0035195
Rfam:RF01913	GO:0016442
Rfam:RF01913	GO:0035195
Rfam:RF01914	GO:0016442
Rfam:RF01914	GO:0035195
Rfam:RF01915	GO:0016442
Rfam:RF01915	GO:0035195
Rfam:RF01916	GO:0016442
Rfam:RF01916	GO:0035195
Rfam:RF01917	GO:0016442
Rfam:RF01917	GO:0035195
Rfam:RF01918	GO:0016442
Rfam:RF01918	GO:0035195
Rfam:RF01919	GO:0016442
Rfam:RF01919	GO:0035195
Rfam:RF01920	GO:0016442
Rfam:RF01920	GO:0035195
Rfam:RF01921	GO:0016442
Rfam:RF01921	GO:0035195
Rfam:RF01922	GO:0016442
Rfam:RF01922	GO:0035195
Rfam:RF01923	GO:0016442
Rfam:RF01923	GO:0035195
Rfam:RF01924	GO:0016442
Rfam:RF01924	GO:0035195
Rfam:RF01925	GO:0016442
Rfam:RF01925	GO:0035195
Rfam:RF01926	GO:0016442
Rfam:RF01926	GO:0035195
Rfam:RF01927	GO:0016442
Rfam:RF01927	GO:0035195
Rfam:RF01929	GO:0031507
Rfam:RF01930	GO:0031507
Rfam:RF01931	GO:0031507
Rfam:RF01932	GO:0031507
Rfam:RF01933	GO:0031507
Rfam:RF01934	GO:0031507
Rfam:RF01935	GO:0031507
Rfam:RF01936	GO:0016442
Rfam:RF01936	GO:0035195
Rfam:RF01937	GO:0016442
Rfam:RF01937	GO:0035195
Rfam:RF01938	GO:0016442
Rfam:RF01938	GO:0035195
Rfam:RF01939	GO:0016442
Rfam:RF01939	GO:0035195
Rfam:RF01940	GO:0016442
Rfam:RF01940	GO:0035195
Rfam:RF01941	GO:0016442
Rfam:RF01941	GO:0035195
Rfam:RF01943	GO:0016442
Rfam:RF01943	GO:0035195
Rfam:RF01944	GO:0016442
Rfam:RF01944	GO:0035195
Rfam:RF01945	GO:0016442
Rfam:RF01945	GO:0035195
Rfam:RF01946	GO:0005730
Rfam:RF01946	GO:0031507
Rfam:RF01947	GO:0005730
Rfam:RF01947	GO:0031507
Rfam:RF01948	GO:0005730
Rfam:RF01948	GO:0031507
Rfam:RF01950	GO:0005730
Rfam:RF01950	GO:0031507
Rfam:RF01955	GO:0005515
Rfam:RF01955	GO:0042382
Rfam:RF01956	GO:0005515
Rfam:RF01956	GO:0042382
Rfam:RF01957	GO:0005515
Rfam:RF01957	GO:0042382
Rfam:RF01959	GO:0003735
Rfam:RF01959	GO:0005840
Rfam:RF01960	GO:0003735
Rfam:RF01960	GO:0005840
Rfam:RF01981	GO:0042981
Rfam:RF01982	GO:0030631
Rfam:RF01984	GO:0010628
Rfam:RF01985	GO:0010628
Rfam:RF01986	GO:0010628
Rfam:RF01987	GO:0010628
Rfam:RF01988	GO:0001514
Rfam:RF01989	GO:0001514
Rfam:RF01990	GO:0001514
Rfam:RF01991	GO:0001514
Rfam:RF01996	GO:0016442
Rfam:RF01996	GO:0035195
Rfam:RF01997	GO:0016442
Rfam:RF01997	GO:0035195
Rfam:RF01998	GO:0000373
Rfam:RF01999	GO:0000373
Rfam:RF02000	GO:0016442
Rfam:RF02000	GO:0035195
Rfam:RF02001	GO:0000373
Rfam:RF02003	GO:0000373
Rfam:RF02004	GO:0000373
Rfam:RF02005	GO:0000373
Rfam:RF02006	GO:0016442
Rfam:RF02006	GO:0035195
Rfam:RF02007	GO:0016442
Rfam:RF02007	GO:0035195
Rfam:RF02008	GO:0016442
Rfam:RF02008	GO:0035195
Rfam:RF02009	GO:0016442
Rfam:RF02009	GO:0035195
Rfam:RF02010	GO:0016442
Rfam:RF02010	GO:0035195
Rfam:RF02011	GO:0016442
Rfam:RF02011	GO:0035195
Rfam:RF02012	GO:0000373
Rfam:RF02014	GO:0016442
Rfam:RF02014	GO:0035195
Rfam:RF02015	GO:0016442
Rfam:RF02015	GO:0035195
Rfam:RF02016	GO:0016442
Rfam:RF02016	GO:0035195
Rfam:RF02017	GO:0016442
Rfam:RF02017	GO:0035195
Rfam:RF02018	GO:0016442
Rfam:RF02018	GO:0035195
Rfam:RF02019	GO:0016442
Rfam:RF02019	GO:0035195
Rfam:RF02020	GO:0016442
Rfam:RF02020	GO:0035195
Rfam:RF02021	GO:0016442
Rfam:RF02021	GO:0035195
Rfam:RF02022	GO:0016442
Rfam:RF02022	GO:0035195
Rfam:RF02023	GO:0016442
Rfam:RF02023	GO:0035195
Rfam:RF02024	GO:0016442
Rfam:RF02024	GO:0035195
Rfam:RF02025	GO:0016442
Rfam:RF02025	GO:0035195
Rfam:RF02026	GO:0016442
Rfam:RF02026	GO:0035195
Rfam:RF02027	GO:0016442
Rfam:RF02027	GO:0035195
Rfam:RF02028	GO:0016442
Rfam:RF02028	GO:0035195
Rfam:RF02031	GO:0009266
Rfam:RF02038	GO:0005737
Rfam:RF02039	GO:0005737
Rfam:RF02044	GO:0005515
Rfam:RF02044	GO:0031507
Rfam:RF02045	GO:0005515
Rfam:RF02045	GO:0031507
Rfam:RF02046	GO:0008049
Rfam:RF02046	GO:0010629
Rfam:RF02047	GO:0008049
Rfam:RF02047	GO:0010629
Rfam:RF02083	GO:0003729
Rfam:RF02083	GO:0017148
Rfam:RF02085	GO:0005737
Rfam:RF02085	GO:0042749
Rfam:RF02086	GO:0005737
Rfam:RF02086	GO:0042749
Rfam:RF02087	GO:0005737
Rfam:RF02087	GO:0042749
Rfam:RF02092	GO:0035195
Rfam:RF02093	GO:0035195
Rfam:RF02094	GO:0035195
Rfam:RF02095	GO:0035195
Rfam:RF02097	GO:0035195
Rfam:RF02101	GO:0005840
Rfam:RF02101	GO:0010468
Rfam:RF02102	GO:0010468
Rfam:RF02112	GO:0010468
Rfam:RF02113	GO:0010468
Rfam:RF02116	GO:0010468
Rfam:RF02117	GO:0043066
Rfam:RF02118	GO:0043066
Rfam:RF02119	GO:0010628
Rfam:RF02120	GO:0010628
Rfam:RF02121	GO:0010628
Rfam:RF02122	GO:0010628
Rfam:RF02123	GO:0010628
Rfam:RF02124	GO:0010628
Rfam:RF02125	GO:0010628
Rfam:RF02134	GO:0010468
Rfam:RF02135	GO:0010468
Rfam:RF02136	GO:0010468
Rfam:RF02137	GO:0010629
Rfam:RF02138	GO:0010629
Rfam:RF02139	GO:0010629
Rfam:RF02140	GO:0010629
Rfam:RF02141	GO:0010629
Rfam:RF02142	GO:0010629
Rfam:RF02145	GO:0005634
Rfam:RF02146	GO:0005634
Rfam:RF02147	GO:0005634
Rfam:RF02154	GO:0010628
Rfam:RF02155	GO:0010628
Rfam:RF02156	GO:0003729
Rfam:RF02156	GO:0010468
Rfam:RF02157	GO:0003729
Rfam:RF02157	GO:0010468
Rfam:RF02158	GO:0003729
Rfam:RF02158	GO:0010468
Rfam:RF02163	GO:0030488
Rfam:RF02202	GO:0010468
Rfam:RF02211	GO:0010629
Rfam:RF02212	GO:0010629
Rfam:RF02213	GO:0010629
Rfam:RF02214	GO:0016442
Rfam:RF02214	GO:0035195
Rfam:RF02214	GO:0050779
Rfam:RF02215	GO:0005634
Rfam:RF02215	GO:0005737
Rfam:RF02216	GO:0005634
Rfam:RF02216	GO:0005737
Rfam:RF02217	GO:0005634
Rfam:RF02217	GO:0005737
Rfam:RF02244	GO:0016442
Rfam:RF02244	GO:0035195
Rfam:RF02245	GO:0016442
Rfam:RF02245	GO:0035195
Rfam:RF02246	GO:0010468
Rfam:RF02247	GO:0010468
Rfam:RF02248	GO:0010468
Rfam:RF02249	GO:0010468
Rfam:RF02250	GO:0010468
Rfam:RF02251	GO:0010468
Rfam:RF02252	GO:0010468
Rfam:RF02253	GO:0010039
Rfam:RF02254	GO:0016442
Rfam:RF02254	GO:0035195
Rfam:RF02259	GO:0051726
Rfam:RF02267	GO:0051726
Rfam:RF02268	GO:0015797
Rfam:RF02272	GO:0051726
Rfam:RF02273	GO:0006417
Rfam:RF02275	GO:0003824
Rfam:RF02276	GO:0003824
Rfam:RF02277	GO:0003824
Rfam:RF02279	GO:0005730
Rfam:RF02279	GO:0006396
Rfam:RF02280	GO:0005730
Rfam:RF02280	GO:0006396
Rfam:RF02281	GO:0005730
Rfam:RF02281	GO:0006396
Rfam:RF02282	GO:0005730
Rfam:RF02282	GO:0006396
Rfam:RF02283	GO:0005730
Rfam:RF02283	GO:0006396
Rfam:RF02284	GO:0005730
Rfam:RF02284	GO:0006396
Rfam:RF02285	GO:0005730
Rfam:RF02285	GO:0006396
Rfam:RF02286	GO:0005730
Rfam:RF02286	GO:0006396
Rfam:RF02287	GO:0005730
Rfam:RF02287	GO:0006396
Rfam:RF02288	GO:0005730
Rfam:RF02288	GO:0006396
Rfam:RF02289	GO:0005730
Rfam:RF02289	GO:0006396
Rfam:RF02290	GO:0005730
Rfam:RF02290	GO:0006396
Rfam:RF02291	GO:0005730
Rfam:RF02291	GO:0006396
Rfam:RF02292	GO:0005730
Rfam:RF02292	GO:0006396
Rfam:RF02293	GO:0005730
Rfam:RF02293	GO:0006396
Rfam:RF02294	GO:0005730
Rfam:RF02294	GO:0006396
Rfam:RF02295	GO:0005730
Rfam:RF02295	GO:0006396
Rfam:RF02296	GO:0005730
Rfam:RF02296	GO:0006396
Rfam:RF02297	GO:0005730
Rfam:RF02297	GO:0006396
Rfam:RF02298	GO:0005730
Rfam:RF02298	GO:0006396
Rfam:RF02299	GO:0005730
Rfam:RF02299	GO:0006396
Rfam:RF02300	GO:0005730
Rfam:RF02300	GO:0006396
Rfam:RF02301	GO:0005730
Rfam:RF02301	GO:0006396
Rfam:RF02302	GO:0005730
Rfam:RF02302	GO:0006396
Rfam:RF02303	GO:0005730
Rfam:RF02303	GO:0006396
Rfam:RF02304	GO:0005730
Rfam:RF02304	GO:0006396
Rfam:RF02305	GO:0005730
Rfam:RF02305	GO:0006396
Rfam:RF02306	GO:0005730
Rfam:RF02306	GO:0006396
Rfam:RF02307	GO:0005730
Rfam:RF02307	GO:0006396
Rfam:RF02308	GO:0005730
Rfam:RF02308	GO:0006396
Rfam:RF02309	GO:0005730
Rfam:RF02309	GO:0006396
Rfam:RF02310	GO:0005730
Rfam:RF02310	GO:0006396
Rfam:RF02311	GO:0005730
Rfam:RF02311	GO:0006396
Rfam:RF02312	GO:0005730
Rfam:RF02312	GO:0006396
Rfam:RF02313	GO:0005730
Rfam:RF02313	GO:0006396
Rfam:RF02314	GO:0005730
Rfam:RF02314	GO:0006396
Rfam:RF02315	GO:0005730
Rfam:RF02315	GO:0006396
Rfam:RF02316	GO:0005730
Rfam:RF02316	GO:0006396
Rfam:RF02317	GO:0005730
Rfam:RF02317	GO:0006396
Rfam:RF02318	GO:0005730
Rfam:RF02318	GO:0006396
Rfam:RF02319	GO:0005730
Rfam:RF02319	GO:0006396
Rfam:RF02320	GO:0005730
Rfam:RF02320	GO:0006396
Rfam:RF02321	GO:0005730
Rfam:RF02321	GO:0006396
Rfam:RF02322	GO:0005730
Rfam:RF02322	GO:0006396
Rfam:RF02323	GO:0005730
Rfam:RF02323	GO:0006396
Rfam:RF02324	GO:0005730
Rfam:RF02324	GO:0006396
Rfam:RF02325	GO:0005730
Rfam:RF02325	GO:0006396
Rfam:RF02326	GO:0005730
Rfam:RF02326	GO:0006396
Rfam:RF02327	GO:0005730
Rfam:RF02327	GO:0006396
Rfam:RF02328	GO:0005730
Rfam:RF02328	GO:0006396
Rfam:RF02329	GO:0005730
Rfam:RF02329	GO:0006396
Rfam:RF02330	GO:0005730
Rfam:RF02330	GO:0006396
Rfam:RF02331	GO:0005730
Rfam:RF02331	GO:0006396
Rfam:RF02332	GO:0005730
Rfam:RF02332	GO:0006396
Rfam:RF02333	GO:0005730
Rfam:RF02333	GO:0006396
Rfam:RF02334	GO:0005730
Rfam:RF02334	GO:0006396
Rfam:RF02335	GO:0005730
Rfam:RF02335	GO:0006396
Rfam:RF02336	GO:0005730
Rfam:RF02336	GO:0006396
Rfam:RF02337	GO:0005730
Rfam:RF02337	GO:0006396
Rfam:RF02338	GO:0005730
Rfam:RF02338	GO:0006396
Rfam:RF02339	GO:0005730
Rfam:RF02339	GO:0006396
Rfam:RF02340	GO:0039694
Rfam:RF02344	GO:0044403
Rfam:RF02345	GO:0005515
Rfam:RF02358	GO:0006417
Rfam:RF02358	GO:0009266
Rfam:RF02370	GO:0010468
Rfam:RF02371	GO:0010468
Rfam:RF02372	GO:0010468
Rfam:RF02373	GO:0010468
Rfam:RF02374	GO:0009372
Rfam:RF02375	GO:0006521
Rfam:RF02376	GO:0000900
Rfam:RF02376	GO:0045947
Rfam:RF02400	GO:0006417
Rfam:RF02401	GO:0048255
Rfam:RF02402	GO:0005730
Rfam:RF02402	GO:0006396
Rfam:RF02403	GO:0005730
Rfam:RF02403	GO:0006396
Rfam:RF02406	GO:0005730
Rfam:RF02406	GO:0006396
Rfam:RF02407	GO:0005730
Rfam:RF02407	GO:0006396
Rfam:RF02408	GO:0005730
Rfam:RF02408	GO:0006396
Rfam:RF02409	GO:0005730
Rfam:RF02409	GO:0006396
Rfam:RF02410	GO:0005730
Rfam:RF02410	GO:0006396
Rfam:RF02411	GO:0005730
Rfam:RF02411	GO:0006396
Rfam:RF02412	GO:0005730
Rfam:RF02412	GO:0006396
Rfam:RF02413	GO:0005730
Rfam:RF02413	GO:0006396
Rfam:RF02423	GO:0097311
Rfam:RF02462	GO:0000333
Rfam:RF02462	GO:0003720
Rfam:RF02462	GO:0007004
Rfam:RF02472	GO:0000171
Rfam:RF02472	GO:0000172
Rfam:RF02472	GO:0006364
Rfam:RF02473	GO:0005730
Rfam:RF02473	GO:0006396
Rfam:RF02474	GO:0005730
Rfam:RF02474	GO:0006396
Rfam:RF02475	GO:0005730
Rfam:RF02475	GO:0006396
Rfam:RF02476	GO:0005730
Rfam:RF02476	GO:0006396
Rfam:RF02477	GO:0005730
Rfam:RF02477	GO:0006396
Rfam:RF02478	GO:0005730
Rfam:RF02478	GO:0006396
Rfam:RF02479	GO:0005730
Rfam:RF02479	GO:0006396
Rfam:RF02480	GO:0005730
Rfam:RF02480	GO:0006396
Rfam:RF02481	GO:0005730
Rfam:RF02481	GO:0006396
Rfam:RF02482	GO:0005730
Rfam:RF02482	GO:0006396
Rfam:RF02483	GO:0005730
Rfam:RF02483	GO:0006396
Rfam:RF02484	GO:0005730
Rfam:RF02484	GO:0006396
Rfam:RF02485	GO:0005730
Rfam:RF02485	GO:0006396
Rfam:RF02486	GO:0005730
Rfam:RF02486	GO:0006396
Rfam:RF02487	GO:0005730
Rfam:RF02487	GO:0006396
Rfam:RF02488	GO:0005730
Rfam:RF02488	GO:0006396
Rfam:RF02489	GO:0005730
Rfam:RF02489	GO:0006396
Rfam:RF02490	GO:0005730
Rfam:RF02490	GO:0006396
Rfam:RF02491	GO:0000395
Rfam:RF02491	GO:0005685
Rfam:RF02491	GO:0030627
Rfam:RF02492	GO:0000395
Rfam:RF02492	GO:0005685
Rfam:RF02492	GO:0030627
Rfam:RF02493	GO:0000395
Rfam:RF02493	GO:0005685
Rfam:RF02493	GO:0030627
Rfam:RF02494	GO:0000395
Rfam:RF02494	GO:0005685
Rfam:RF02494	GO:0030627
Rfam:RF02495	GO:0003729
Rfam:RF02500	GO:0003729
Rfam:RF02500	GO:0043555
Rfam:RF02500	GO:0045786
Rfam:RF02509	GO:0030631
Rfam:RF02510	GO:0030631
Rfam:RF02511	GO:0030631
Rfam:RF02512	GO:0030631
Rfam:RF02513	GO:0030631
Rfam:RF02514	GO:0010629
Rfam:RF02515	GO:0010629
Rfam:RF02516	GO:0016442
Rfam:RF02516	GO:0035195
Rfam:RF02517	GO:0016442
Rfam:RF02517	GO:0035195
Rfam:RF02518	GO:0016442
Rfam:RF02518	GO:0035195
Rfam:RF02519	GO:0003729
Rfam:RF02519	GO:0017148
Rfam:RF02520	GO:0016442
Rfam:RF02520	GO:0035195
Rfam:RF02523	GO:0006417
Rfam:RF02523	GO:0009266
Rfam:RF02530	GO:0043022
Rfam:RF02531	GO:0043022
Rfam:RF02535	GO:0043022
Rfam:RF02537	GO:0010468
Rfam:RF02538	GO:0010468
Rfam:RF02539	GO:0005730
Rfam:RF02539	GO:0006396
Rfam:RF02540	GO:0003735
Rfam:RF02540	GO:0005840
Rfam:RF02541	GO:0003735
Rfam:RF02541	GO:0005840
Rfam:RF02542	GO:0003735
Rfam:RF02542	GO:0005840
Rfam:RF02543	GO:0003735
Rfam:RF02543	GO:0005840
Rfam:RF02544	GO:0006401
Rfam:RF02545	GO:0003735
Rfam:RF02545	GO:0005840
Rfam:RF02546	GO:0003735
Rfam:RF02546	GO:0005840
Rfam:RF02547	GO:0003735
Rfam:RF02547	GO:0005840
Rfam:RF02548	GO:0045451
Rfam:RF02552	GO:0032055
Rfam:RF02552	GO:0040033
Rfam:RF02554	GO:0005840
Rfam:RF02555	GO:0005840
Rfam:RF02556	GO:0005634
Rfam:RF02556	GO:0005737
Rfam:RF02564	GO:0005515
Rfam:RF02564	GO:0036386
Rfam:RF02564	GO:0043590
Rfam:RF02566	GO:0070063
Rfam:RF02567	GO:0022610
Rfam:RF02569	GO:0030371
Rfam:RF02571	GO:0030371
Rfam:RF02573	GO:0015976
Rfam:RF02593	GO:0043158
Rfam:RF02594	GO:0043158
Rfam:RF02597	GO:0006417
Rfam:RF02597	GO:0009266
Rfam:RF02605	GO:0003729
Rfam:RF02605	GO:0017148
Rfam:RF02628	GO:0005515
Rfam:RF02629	GO:0005515
Rfam:RF02629	GO:2000145
Rfam:RF02630	GO:0005515
Rfam:RF02631	GO:0005515
Rfam:RF02632	GO:0005515
Rfam:RF02633	GO:0005515
Rfam:RF02639	GO:0046677
Rfam:RF02645	GO:0010468
Rfam:RF02647	GO:0010468
Rfam:RF02648	GO:0010468
Rfam:RF02650	GO:0044650
Rfam:RF02650	GO:2000145
Rfam:RF02651	GO:0080183
Rfam:RF02654	GO:0030371
Rfam:RF02658	GO:0043022
Rfam:RF02660	GO:0030371
Rfam:RF02663	GO:0006417
Rfam:RF02664	GO:0043022
Rfam:RF02665	GO:0005730
Rfam:RF02665	GO:0006396
Rfam:RF02665	GO:0015030
Rfam:RF02666	GO:0005730
Rfam:RF02666	GO:0006396
Rfam:RF02666	GO:0015030
Rfam:RF02667	GO:0005730
Rfam:RF02667	GO:0006396
Rfam:RF02667	GO:0015030
Rfam:RF02668	GO:0005730
Rfam:RF02668	GO:0006396
Rfam:RF02668	GO:0015030
Rfam:RF02669	GO:0005730
Rfam:RF02669	GO:0006396
Rfam:RF02669	GO:0015030
Rfam:RF02670	GO:0005730
Rfam:RF02670	GO:0006396
Rfam:RF02670	GO:0015030
Rfam:RF02672	GO:0003729
Rfam:RF02672	GO:0040033
Rfam:RF02674	GO:0043488
Rfam:RF02676	GO:2000147
Rfam:RF02677	GO:0010608
Rfam:RF02678	GO:0003824
Rfam:RF02679	GO:0003824
Rfam:RF02680	GO:0008616
Rfam:RF02681	GO:0003824
Rfam:RF02682	GO:0003824
Rfam:RF02683	GO:0050897
Rfam:RF02683	GO:0055065
Rfam:RF02684	GO:0003824
Rfam:RF02685	GO:0003824
Rfam:RF02686	GO:0003824
Rfam:RF02687	GO:0003824
Rfam:RF02688	GO:0003824
Rfam:RF02689	GO:0030371
Rfam:RF02692	GO:0097311
Rfam:RF02693	GO:0045974
Rfam:RF02694	GO:0030371
Rfam:RF02694	GO:0046677
Rfam:RF02695	GO:0071978
Rfam:RF02697	GO:0045182
Rfam:RF02698	GO:0006417
Rfam:RF02698	GO:0009266
Rfam:RF02699	GO:0006417
Rfam:RF02699	GO:0009266
Rfam:RF02700	GO:0006417
Rfam:RF02700	GO:0009266
Rfam:RF02701	GO:0006417
Rfam:RF02701	GO:0010109
Rfam:RF02702	GO:0045975
Rfam:RF02703	GO:0045975
Rfam:RF02704	GO:0006417
Rfam:RF02704	GO:0009266
Rfam:RF02705	GO:0005730
Rfam:RF02705	GO:0006396
Rfam:RF02706	GO:0043629
Rfam:RF02707	GO:0043629
Rfam:RF02708	GO:0005739
Rfam:RF02708	GO:0043629
Rfam:RF02709	GO:0043629
Rfam:RF02710	GO:0043629
Rfam:RF02711	GO:0043629
Rfam:RF02712	GO:0019044
Rfam:RF02712	GO:0039580
Rfam:RF02712	GO:0051819
Rfam:RF02714	GO:0005730
Rfam:RF02714	GO:0006396
Rfam:RF02715	GO:0005730
Rfam:RF02715	GO:0006396
Rfam:RF02716	GO:0005730
Rfam:RF02716	GO:0006396
Rfam:RF02717	GO:0005730
Rfam:RF02717	GO:0006396
Rfam:RF02718	GO:0005730
Rfam:RF02718	GO:0006396
Rfam:RF02718	GO:0015030
Rfam:RF02719	GO:0005730
Rfam:RF02719	GO:0006396
Rfam:RF02719	GO:0015030
Rfam:RF02720	GO:0005730
Rfam:RF02720	GO:0006396
Rfam:RF02720	GO:0015030
Rfam:RF02721	GO:0005730
Rfam:RF02721	GO:0006396
Rfam:RF02721	GO:0015030
Rfam:RF02722	GO:0005730
Rfam:RF02722	GO:0006396
Rfam:RF02722	GO:0015030
Rfam:RF02723	GO:0005730
Rfam:RF02723	GO:0006396
Rfam:RF02724	GO:0005730
Rfam:RF02724	GO:0006396
Rfam:RF02725	GO:0005730
Rfam:RF02725	GO:0006396
Rfam:RF02726	GO:0005730
Rfam:RF02726	GO:0006396
Rfam:RF02727	GO:0005730
Rfam:RF02727	GO:0006396
Rfam:RF02728	GO:0010039
Rfam:RF02728	GO:0045975
Rfam:RF02729	GO:0010039
Rfam:RF02730	GO:0010039
Rfam:RF02731	GO:0010039
Rfam:RF02732	GO:0010039
Rfam:RF02733	GO:0006417
Rfam:RF02733	GO:0009266
Rfam:RF02734	GO:0009408
Rfam:RF02735	GO:1900376
Rfam:RF02736	GO:0009267
Rfam:RF02737	GO:0009267
Rfam:RF02738	GO:0009267
Rfam:RF02739	GO:0009267
Rfam:RF02740	GO:0009267
Rfam:RF02741	GO:0009267
Rfam:RF02742	GO:0009267
Rfam:RF02743	GO:1900376
Rfam:RF02744	GO:0009267
Rfam:RF02745	GO:0009267
Rfam:RF02746	GO:0010628
Rfam:RF02747	GO:0010468
Rfam:RF02748	GO:0010468
Rfam:RF02749	GO:0051701
Rfam:RF02750	GO:0006113
Rfam:RF02752	GO:0006113
Rfam:RF02754	GO:0006113
Rfam:RF02755	GO:0006113
Rfam:RF02756	GO:0006113
Rfam:RF02758	GO:0006417
Rfam:RF02758	GO:0009266
Rfam:RF02759	GO:0006417
Rfam:RF02759	GO:0009266
Rfam:RF02760	GO:0009266
Rfam:RF02761	GO:0009266
Rfam:RF02762	GO:0006417
Rfam:RF02762	GO:0009266
Rfam:RF02763	GO:0040033
Rfam:RF02767	GO:0005515
Rfam:RF02770	GO:0009266
Rfam:RF02771	GO:0006417
Rfam:RF02771	GO:0009266
Rfam:RF02772	GO:0006417
Rfam:RF02772	GO:0009266
Rfam:RF02773	GO:0006417
Rfam:RF02773	GO:0009266
Rfam:RF02774	GO:0006417
Rfam:RF02774	GO:0009266
Rfam:RF02775	GO:0006417
Rfam:RF02775	GO:0009266
Rfam:RF02776	GO:0006417
Rfam:RF02776	GO:0009266
Rfam:RF02777	GO:0006417
Rfam:RF02777	GO:0009266
Rfam:RF02778	GO:0006417
Rfam:RF02778	GO:0009266
Rfam:RF02779	GO:0006417
Rfam:RF02779	GO:0009266
Rfam:RF02780	GO:0006417
Rfam:RF02780	GO:0009266
Rfam:RF02781	GO:0006417
Rfam:RF02781	GO:0009266
Rfam:RF02782	GO:0006417
Rfam:RF02782	GO:0009266
Rfam:RF02783	GO:0006417
Rfam:RF02783	GO:0009266
Rfam:RF02784	GO:0080183
Rfam:RF02785	GO:0005730
Rfam:RF02785	GO:0006396
Rfam:RF02786	GO:0005730
Rfam:RF02786	GO:0006396
Rfam:RF02787	GO:0005730
Rfam:RF02787	GO:0006396
Rfam:RF02788	GO:0005730
Rfam:RF02788	GO:0006396
Rfam:RF02789	GO:0005730
Rfam:RF02789	GO:0006396
Rfam:RF02790	GO:0003729
Rfam:RF02790	GO:0017148
Rfam:RF02790	GO:0043488
Rfam:RF02791	GO:0003729
Rfam:RF02791	GO:0080183
Rfam:RF02792	GO:0003729
Rfam:RF02793	GO:0003729
Rfam:RF02794	GO:0006396
Rfam:RF02795	GO:0006396
Rfam:RF02796	GO:0006396
Rfam:RF02801	GO:0006396
Rfam:RF02802	GO:0006396
Rfam:RF02803	GO:0006396
Rfam:RF02804	GO:0006396
Rfam:RF02805	GO:0006396
Rfam:RF02806	GO:0006396
Rfam:RF02807	GO:0006396
Rfam:RF02808	GO:0006396
Rfam:RF02809	GO:0071978
Rfam:RF02810	GO:0009266
Rfam:RF02810	GO:0030371
Rfam:RF02811	GO:0009266
Rfam:RF02811	GO:0030371
Rfam:RF02812	GO:0046677
Rfam:RF02813	GO:0009266
Rfam:RF02813	GO:0030371
Rfam:RF02815	GO:0009266
Rfam:RF02815	GO:0030371
Rfam:RF02816	GO:0043484
Rfam:RF02816	GO:0051168
Rfam:RF02834	GO:0003729
Rfam:RF02834	GO:0040033
Rfam:RF02834	GO:1900191
Rfam:RF02835	GO:0005515
Rfam:RF02836	GO:0005515
Rfam:RF02837	GO:0005515
Rfam:RF02837	GO:0097311
Rfam:RF02852	GO:0005515
Rfam:RF02854	GO:0005515
Rfam:RF02865	GO:0097311
Rfam:RF02866	GO:0097311
Rfam:RF02867	GO:0097311
Rfam:RF02868	GO:0097311
Rfam:RF02869	GO:0097311
Rfam:RF02870	GO:0097311
Rfam:RF02871	GO:0097311
Rfam:RF02877	GO:0003729
Rfam:RF02877	GO:0005515
Rfam:RF02877	GO:0006099
Rfam:RF02877	GO:0045974
Rfam:RF02885	GO:0010468
Rfam:RF02887	GO:0010468
Rfam:RF02888	GO:0003676
Rfam:RF02888	GO:0040033
Rfam:RF02889	GO:0003676
Rfam:RF02889	GO:0045975
Rfam:RF02889	GO:0046677
Rfam:RF02890	GO:0003729
Rfam:RF02890	GO:0040033
Rfam:RF02891	GO:0031047
Rfam:RF02891	GO:0042868
Rfam:RF02892	GO:0003729
Rfam:RF02892	GO:0009407
Rfam:RF02892	GO:0110001
Rfam:RF02893	GO:0005515
Rfam:RF02893	GO:0017148
Rfam:RF02905	GO:0040033
Rfam:RF02905	GO:0048027
Rfam:RF02906	GO:0003729
Rfam:RF02906	GO:0005515
Rfam:RF02906	GO:0009399
Rfam:RF02906	GO:0043488
Rfam:RF02906	GO:0045947
Rfam:RF02907	GO:0010468
Rfam:RF02911	GO:0019069
Rfam:RF02912	GO:0010468
Rfam:RF02912	GO:0030647
Rfam:RF03054	GO:0002060
Rfam:RF03116	GO:0039694
Rfam:RF03117	GO:0039694
Rfam:RF03118	GO:0039694
Rfam:RF03119	GO:0039694
Rfam:RF03120	GO:0039694
Rfam:RF03121	GO:0039694
Rfam:RF03122	GO:0039694
Rfam:RF03123	GO:0039694
Rfam:RF03124	GO:0039694
Rfam:RF03125	GO:0039694
Rfam:RF03154	GO:0003824
Rfam:RF03160	GO:0003824
Rfam:RF03164	GO:0046872
Rfam:RF03165	GO:0009113
Rfam:RF03166	GO:0006545
Rfam:RF03167	GO:0035438
Rfam:RF03168	GO:0035438
Rfam:RF03169	GO:0010468
Rfam:RF03169	GO:0035438
Rfam:RF03170	GO:0010468
Rfam:RF03170	GO:0035438
Rfam:RF03239	GO:0006955
Rfam:RF03239	GO:0060259
Rfam:RF03346	GO:0046660
Rfam:RF03346	GO:1990830
Rfam:RF03348	GO:0060291
Rfam:RF03348	GO:0071234
Rfam:RF03377	GO:0006955
Rfam:RF03377	GO:0060259
Rfam:RF03419	GO:0035195
Rfam:RF03479	GO:0007605
Rfam:RF03479	GO:0016442
Rfam:RF03479	GO:0035195
Rfam:RF03479	GO:0060291
Rfam:RF03479	GO:1900017
Rfam:RF03479	GO:1990830
Rfam:RF03492	GO:0046660
Rfam:RF03492	GO:1990830
Rfam:RF03499	GO:0010629
Rfam:RF03499	GO:2000648
Rfam:RF03532	GO:0051090
Rfam:RF03533	GO:0035194
Rfam:RF03534	GO:0003729
Rfam:RF03535	GO:0003729
Rfam:RF03538	GO:0039694
Rfam:RF03540	GO:0039694
Rfam:RF03545	GO:0039694
Rfam:RF03546	GO:0039694
Rfam:RF03775	GO:0035195
Rfam:RF03775	GO:0050728
Rfam:RF03775	GO:0061014
Rfam:RF03850	GO:0006955
Rfam:RF03850	GO:0060259
Rfam:RF03923	GO:0006955
Rfam:RF03923	GO:0060259
Rfam:RF04052	GO:0010468
Rfam:RF04052	GO:0071241
Rfam:RF04052	GO:0071391
Rfam:RF04052	GO:1904322
Rfam:RF04053	GO:0009617
Rfam:RF04053	GO:0060291
Rfam:RF04053	GO:0071230
Rfam:RF04080	GO:0007605
Rfam:RF04080	GO:0014850
Rfam:RF04080	GO:0070482
Rfam:RF04080	GO:0071230
Rfam:RF04100	GO:0071391
Rfam:RF04100	GO:1990830
Rfam:RF04183	GO:0006617
Rfam:RF04183	GO:0048501
Rfam:RF04188	GO:0003824
Rfam:RF04189	GO:0010468
Rfam:RF04192	GO:0010468
Rfam:RF04204	GO:0016442
Rfam:RF04204	GO:0035068
Rfam:RF04204	GO:0071260
Rfam:RF04217	GO:0071391
Rfam:RF04217	GO:1990830
Rfam:RF04218	GO:0039694
Rfam:RF04222	GO:0039694
Rfam:RF04243	GO:0016442
Rfam:RF04243	GO:0035195
Rfam:RF04244	GO:0016442
Rfam:RF04244	GO:0035195
Rfam:RF04245	GO:0016442
Rfam:RF04245	GO:0035195
Rfam:RF04246	GO:0016442
Rfam:RF04246	GO:0035195
Rfam:RF04249	GO:0001745
Rfam:RF04249	GO:0007391
Rfam:RF04249	GO:0008258
Rfam:RF04249	GO:0035094
Rfam:RF04249	GO:0035282
Rfam:RF04249	GO:0071732
Rfam:RF04270	GO:0046660
Rfam:RF04270	GO:1990830
Rfam:RF04284	GO:0005623
Rfam:RF04284	GO:0007605
Rfam:RF04284	GO:0016442
Rfam:RF04284	GO:0035068
Rfam:RF04284	GO:0071333
Rfam:RF04284	GO:1990830
Rfam:RF04292	GO:0005623
Rfam:RF04292	GO:0010467
Rfam:RF04292	GO:0010629
Rfam:RF04292	GO:0036294
Rfam:RF04292	GO:0060291
Rfam:RF04292	GO:0070482
Rfam:RF04292	GO:0071230
Rfam:RF04292	GO:0071260
Rfam:RF04292	GO:0071333
Rfam:RF04292	GO:1990830
